PC1,PC2,PC3,PC4,PC5,PC6,PC7,PC8,PC9,PC10,PC11,PC12,PC13,PC14,PC15,target
0.6618406230310789,2.2344444353280215,4.596985038966563,-0.8824149594582105,2.1423542372905082,1.996304898768153,1.3721540304149111,-0.25743349332791743,-0.054794838191954305,-0.13377156314834956,-0.6950143198545446,0.914588047812149,-0.06821685680975494,-1.5191859002227908,0.30335057828339596,0
3.4926518881472375,0.9812331142571721,-1.173729578956237,-0.7096879793077033,0.17762588142769872,0.8460626678869404,-0.06438553820112765,-0.285566809283499,-0.44860397144796027,-0.1509474537918152,0.7299657571346025,0.09213437378779017,-0.44371927509779835,1.5161089039464275,-0.7134586132331573,1
3.3440283077685344,-0.7154889393216006,-0.5078735432849724,-0.03938543766695839,-0.6969759173595113,0.23728217336266003,-0.31794441365933995,-0.8260016050220915,-0.843376869211794,-0.17157888366582436,-0.09092621732017016,-0.5278079746255857,-0.31364679144673097,0.5549279597280077,-0.2847034289975854,1
-1.6849070999002527,0.40023426577870486,3.933430666645879,0.7433384293704685,-0.12917003286835996,-2.356554235932851,0.9378671457495467,-1.184262676118143,-0.545104194297166,0.35591242486790253,-0.6200111924410623,0.9445227237301014,1.4672450346051624,0.16042506893650488,-0.8040554174515981,0
-2.5060741772630375,-0.3742006766666005,-0.09947952885580498,-1.2236846452079904,1.3498823376845837,-0.3216947499365429,0.34150190001586606,-1.1393828040493474,0.3981393570441467,-0.40502898747543725,-0.39194045617268697,-1.3880661278734736,0.7701946115252006,0.7687327292392266,0.47568428764135395,0
-2.424504337272549,-0.875733537540929,0.15591279215076784,-1.0108098642102046,1.0029458140766252,0.03419002245052772,-1.3992559065944807,-0.5199254607894592,-0.20412088613529714,-0.09191297277741041,-0.13541392463706262,0.3872760295879979,-0.22965026819234952,0.04289133831889622,-1.0562131124788725,0
1.4800912407007687,1.9791391734890647,1.8851133450199256,-1.351919137204465,1.4002535744581721,-2.125953167414139,1.2781153797024016,-0.7863601881010196,-2.2173385956286653,-0.8699523271247873,0.26004199544223705,-0.48653213743977786,1.425708966434712,-0.03911984162399928,-0.2321908572764278,1
-0.0988586228170273,-0.07101533727753229,-1.5942463526123851,-0.48114150499583547,0.816455175225981,-1.63731524143558,1.1475395210210884,1.7430253277618233,-0.2915290870836902,-0.10178842226518574,-0.6699736304178613,1.6132014797353649,-0.09655719955825143,0.303974833780636,-0.5406891571481708,0
1.6847223052690479,-0.37024657868901084,-0.6868986727593015,-0.47679801507720193,-0.723719450068264,0.1721154552569291,-0.12041332524216741,-0.8504518392869094,-0.32207400255730906,0.41589103119394916,0.7106408770107006,-0.5584367316988681,0.02672005697937043,-1.251047315431352,-0.058872648132100656,1
2.0721256117896307,0.026997229207809597,4.127234442529906,-1.5492498838762971,-0.4325142969424992,-1.2026121575241149,1.1318667910005946,0.6037362508150751,0.4637804225069415,-0.8733723395113993,-1.388839463037538,-0.963929114849741,-0.16285255116988698,-0.4235685567346457,-0.11450129375726789,1
0.4801009379601568,-0.8141495054215719,0.6481702933889245,1.255924551088205,2.2915570076289433,2.7016966312340225,0.5739884834558074,0.3615408026559211,0.6997039627314302,0.3200622095053002,1.5757671903435413,1.4281560982583659,0.6872132118127074,-1.2636790290186788,0.2900451738083767,0
-1.0303187470399309,0.9582471130385145,-1.5931385344361888,-1.1681730156632042,1.3935316982761918,-0.07912721192192296,-0.1261145499782001,-1.8713670474639974,1.0240043547117028,-0.5198270781296994,-0.8323001811641587,-0.4127293584146468,0.4556415341484763,-0.1349038893249027,-0.0707901855975544,0
0.7847524101182686,1.502191526963035,1.17326082086988,1.1436538213343381,0.293175716383082,3.9801937954963025,1.1804108128148763,0.38621671079927483,0.8501832744169574,1.139154094508278,-1.694868719120354,1.170711766492349,-0.3384827996334033,0.7216258746475491,0.704276167236347,1
-2.3084173808579447,-1.7307782004219958,0.1240638688077487,-1.3383902321249068,0.04994784675462314,-0.4858192461022829,-1.6738889408155455,-0.411026325175822,0.36485943023184114,0.5943280093078273,-0.5094707883007917,0.5768748622860931,-0.10664372702367066,-0.3758738881073812,0.7812391154839252,0
-1.1346414134577154,1.3521153504332795,2.011150006348494,0.03069903662111236,-2.0529596748540113,0.5412530663274354,-1.242950808974049,1.545520850936619,2.0330698780274075,0.02358784448233084,0.7421606079003156,-0.20226933416725482,0.011887978213308625,-0.3813769245044753,0.4311934739783168,0
-1.7742777098466846,0.6099128039298293,1.395078944821837,1.1501227312755864,-0.6607423675807935,-0.023044958027272074,-0.42456079385865825,-0.07278217124295441,0.4214572008718993,-0.23915006454894175,1.7695473896931508,0.119033861554994,0.030132291688023918,0.5802543058712032,-1.102175024917746,0
-1.6330764841341323,-1.3573680254621272,2.8195831802694467,-1.3044427826747358,0.8137445276102032,-1.7267694359523424,-1.2815448726106435,-1.3003251922192158,-0.7438354986271412,-0.7009008450081257,-1.2922503970441783,0.5008238952210563,-0.15513125427099342,-0.8846882071090195,0.9181473737420012,1
-0.4714227068026968,-0.6886178029091874,0.2917974464420825,-0.2194692938530915,0.43182303026100877,-0.46093604398619364,0.17418861953617862,0.864195643719746,-0.094231478814412,0.024068496793718704,1.358109335922912,0.4059314145018326,0.18134482833831414,-0.650187161804841,-1.2136509368876711,0
-2.091927258326542,1.0460882840437054,-0.5684011622817267,1.338209249787713,-0.1441176338294787,-0.782567958117428,0.41317491362360115,0.5025594984035107,-0.1290744678398848,-0.49858250895521933,-0.021860876572499546,0.817903362240153,-0.05001569124941589,0.10354040887372894,0.721305565793427,0
-2.4420663046847797,-0.8142581461613333,0.06955991910382164,-1.2204516231008065,0.9928503187700385,-0.13584638675961921,-1.200144909648573,-0.45499944100048334,0.25762090963166795,0.21460679586784812,-0.22287225523186596,0.6669769914473503,-0.06907875940013122,0.11576700970636358,-0.7098880085382906,0
0.7238552288615211,-0.6373334892239237,-0.35689222314838687,0.6826259970314635,-0.014108636168226133,0.6328977786392713,0.6745602939026909,-1.2575190326904997,0.04278516248531369,-0.5910250386605609,-0.6929803979838026,-0.4313520177850014,-1.131815922321865,0.5700583651191121,-1.5583870832419888,0
-0.9103322904713486,2.3730237905090994,-0.0001714892602456831,-1.3943615604101107,0.00161156890858902,0.3124109641332023,0.788184891799661,1.1367228968952214,0.8070187348610683,-0.2938824362106169,-0.6036131545316861,-0.9074011446920028,0.25113656158797004,-0.6378926940885178,-0.37832412072560057,0
-0.8878900871011993,-0.16111075694363958,-0.7746364384656872,-1.0594216583847038,0.8177197783923376,0.5081461495523975,-0.5033847011856843,-2.401239302673297,0.2778886149920308,0.25819787746169165,-1.0737750995273345,-0.18335239372061524,-0.17417683827616806,-0.42730288809602707,-1.2497723572363761,1
0.13396014338775833,0.981864987734509,1.1558194283360381,0.09773526006964832,-1.8965865343399018,-0.2304210198144286,-0.621772987723998,-1.4672487514182007,-1.2082058095546284,1.1162331726000931,0.8320805590348679,-0.4666605715255355,0.5256710339513274,0.8592063000325726,0.12340232106879781,1
3.0814071781302803,-0.9648565232796473,-0.20169815038910452,-0.05754195257724605,-0.7203056692808898,0.28052012183819414,-0.1805794806427421,-0.7058527918487193,-0.3324991650236449,-0.09687747306175375,0.2200316685496832,-0.8294392036853546,0.021302396141651546,0.8526991751980552,0.0001322677562204692,1
-1.5311260059052596,0.6103547703863049,-0.5020821011867054,2.3339005052360675,-0.21008963595943872,-0.41522569574483154,0.21310570203615678,-0.5255624664786658,0.22673006122478126,-0.6687882304177301,-0.3539360495070492,-0.03506438797934342,1.2007234292912097,0.0017907226112501074,-0.1934161960861986,0
-2.376182656822646,1.6116294251140182,-1.165469826132155,0.6845633311265075,-0.30873409848228606,-1.0936217328832234,0.40263080086106084,0.6272526947153407,-0.6329679104080599,0.24202858625440246,-0.2910670987697174,1.5384566198461993,-0.08027535343003267,-0.2328258127504297,0.03764269539973175,0
0.406018409886215,1.956390429419423,2.2374362376455403,0.21768923360647568,1.767927897492454,-2.0470315098433343,0.011083268653089581,-0.6535968153110756,-0.5264873695313378,-2.8554218640146773,0.3416597158571828,0.5225091113173023,-0.1175481966427069,-0.7487700878166575,-0.03375673313552763,0
-0.7755024703054926,-0.9079945549749793,0.6099728575781366,-0.42016553263282114,0.3571665253243012,-0.7546770904023715,0.4943483602583695,0.8600595933166825,0.49520016147483514,0.5814643990585219,1.3675718918143083,0.36826140925812584,0.9652286377503912,-0.3146703954856786,-1.0706632067986768,0
1.8602992615067666,-2.8804147562992926,0.21388673375152312,0.9914654566799791,-0.5982323098089872,0.04927491316312176,1.018341783489639,-0.7824391653832207,0.5768283462436117,-0.4548792364769541,-0.7723787147641938,-1.2416273367339987,-0.34011343768328767,0.09069636417265357,0.5891125040686633,1
-0.10670031680496474,1.669310786192882,-0.537709334817429,-0.023499598932440472,0.7304342646009672,-0.38297770500659917,-1.1099691694591063,0.3659746507430216,-1.3356742188235664,-0.9875775455710237,1.1195663482038403,0.11885715090722808,0.7752025491325117,0.6286115917087988,-0.45773845542324004,0
1.578971821444338,-0.6705073347150705,0.891726540138784,-0.7881112309173436,-1.152383008762741,0.41708371530750427,-1.1712007731404916,2.555231518516976,-0.8491092791224739,0.10592889786355399,-1.0147730758396838,-0.21518316939160448,0.1812749085379918,0.41331949830441594,-0.3489793418579552,1
-1.6125492462589666,1.5485979389287254,-0.3610476104672869,0.32971098017902006,-0.7366074664903851,-0.3534225352290498,-0.28903963431921303,0.26572869539150823,-0.1520398612210404,0.5474525500482311,0.6358134591651682,1.9990737341739777,-1.1475377519142114,-0.36693037318275895,-0.8231141724171286,1
0.5228921394562194,-1.1480408733102545,-0.41563598224836773,0.1512880416608532,-0.5225701571215241,-0.24871880978754127,-0.7098667379934644,0.27094527721332134,0.663690153107895,0.051943825994411594,1.0601244528448546,0.21490227510349308,0.32029806318681503,-1.6107982802362197,-0.23466607587524732,0
-1.9201512553680398,-0.5850451307328385,0.7547375676754663,1.0048935318724066,-0.8986454626735313,-0.40658168672378886,0.5557438547283846,0.6946281327458573,0.5719301490308033,0.5454296369924225,-0.003915616586263185,1.0020015655100996,-0.45023691270255745,1.7921000079130611,-0.585437164453241,0
-1.4771268588882212,-1.41662779660353,0.35717896412690575,-0.36510604584691103,0.258971272233815,-0.3780164671117206,0.5939602868865561,1.3304420217437203,0.23651436814835672,0.5796405923623271,1.3758492712433614,0.11982687194182161,0.571466624679407,-0.37798571914987616,-0.6548389388719622,0
2.092172243865802,-2.434307957734318,0.313201042122104,0.7532926817088892,-0.5827290173590153,-0.1130449241310755,0.9175300627335591,-0.8951327474324474,0.8492813559525088,-0.38210764185505014,-0.4887442631961561,-1.098062863179358,-0.1492531430256139,0.15901725366639693,0.2853344559885071,1
2.6045883553809985,-0.00682232997111703,-0.13718173395819774,0.24753434381136022,2.0850493643280332,2.8148739772877955,1.642267088670209,-0.17597250833683306,0.7829766199712738,0.7098475161633812,0.49928880301145934,1.7461888601025406,-0.5230431715867986,0.38066992802398425,0.9005036480702663,1
2.269140734975542,-0.9113686105878823,-1.178156002511634,-0.19444151022141623,-0.5762644769647034,-0.8429942819508165,-0.4657023616753619,0.3960886527416016,0.46529839609314644,0.5902043818288757,-0.6697526752172127,1.730167183098503,-0.03079912436277097,-0.1580566047778019,-0.05368911974253728,1
0.2674716736268248,1.4691918948958538,0.6500308969426088,1.21005498717381,-1.1731984702780909,1.1766510058167106,-0.505595450323988,1.1057287964882603,1.9245600362682995,-0.7198741725723293,-1.2158167289541009,0.5078766293353422,-0.668137161785702,0.5797123044862338,-1.3578437877516876,0
2.6503744995048177,1.0686562518981932,-1.5160381296182022,-0.36184916829057223,-0.13992753810566164,0.3294256766210178,-0.6913463233774231,-0.32171003152057287,-0.8763172401438251,-0.8098520428148601,1.2636320734042783,-1.3399062734367446,0.7883374829223523,-0.07993917510550998,1.6355997481735343,1
-0.6454174681682969,-1.8597433255560174,1.2862417780649338,-0.10177638273513297,-0.8232253720237989,-0.9521385115108203,-0.2786557168277372,0.4800534006038598,1.373860833581311,0.4224291436843045,0.42995373028098305,0.32388693206583663,0.31473824855024324,1.2412633936045894,0.1723960417716203,0
-1.0591206326208829,2.117359750604453,-1.3175232176990321,-1.9873335273475565,1.5417249507293866,-0.24856265963505794,-2.1877350202983004,0.0739880479813778,-0.3675652649653414,-0.739045712062772,0.7959410856437161,0.7712038232121928,0.35199214723681616,0.9427845107509126,-0.003061127877231339,0
-1.2492115465525262,1.7625140138296445,1.7357070770690353,0.6223570653633052,-1.1218516782423253,0.8339683887710173,-0.7126071145134631,1.2445743519584573,0.7778422960379651,-0.35364720684325696,0.007348335331567654,-0.05659733655805402,-0.10172495370390033,-0.24654578484764847,-1.3056014874408324,0
-0.6769210864467476,0.9217998448020094,-1.6796375778150545,-1.3103798761427659,0.6333120621909005,-0.8542198038765558,1.6919332525255724,0.7238350685237892,-0.6278132243894744,0.2416662381816039,0.5115521868791306,0.13167044001632175,-0.2339970635289235,-0.9453126406203803,-0.1247101496586418,1
0.15836759912106996,0.2784557331413413,0.22012620266568217,1.116387044453139,-1.9106858859828524,0.17685109098946353,-0.3062467781591282,-2.0600618555687626,-0.6107498456652644,0.8404837338315185,-0.24150733243422814,-0.5130332541574494,0.327535117187005,-0.23833334847381568,-0.04319194659324251,1
-1.725495284325076,-0.532903558879449,0.7228565375674029,2.1757899365327935,-0.5640936271652467,0.39175177143731127,-0.23221633809692832,-0.060728836099499785,-0.9037345975149381,-0.800716936332318,0.22367006796435956,0.14545092761439996,-1.094370677627849,-0.028044670464420406,-0.1295370995398163,0
1.8187350840075394,-0.6425708515216713,0.032761433550389185,-0.17805734207755095,-0.5352170971402269,-0.3034019358405514,0.3880649167459761,-1.2756710885453746,1.1550061005909695,0.19256969807103788,0.7705441742340253,-0.6414314610596106,0.4423694117531802,-1.2876040116604164,0.052757750775378955,1
-0.7314209422246024,4.185259305341173,-0.9828444452264321,-1.091824926121406,-1.012024093340459,0.030559058483320054,0.6621351621913064,0.9766142982683969,-0.40511450431040846,0.7931032011793572,-1.6307346344478915,0.7663676318151468,-0.18624143898406126,-0.4505261868416916,-0.13349936008163,0
-1.0644477807327903,1.8032386666309845,3.92458866252337,-0.034871831760437726,-0.7055035594901796,0.06303577917058592,1.142745045634781,-0.053757019369328855,-0.5183919160832134,-0.8357848951285997,-1.3507357039151036,-0.9613458038698792,-0.7633052197596462,-0.7324573158718363,-0.18833342529440328,0
-3.018748965115435,-1.2364063675779404,-0.5246819702193989,-0.37300272851952837,1.4231069635830536,-0.12613439439086796,-0.9395059392602555,0.10102117076909055,-0.9262148894311505,-0.6556139616766757,-0.8477016834310303,-0.6768297303299334,0.9379607266847877,0.8309596020587079,0.814764783686562,0
0.2318268626324928,-1.434423085657952,0.26745192987020977,0.23875545545784183,-0.33155125636688276,-0.1759927748725861,-0.8965666946881126,0.8446035455492674,-0.686257276894322,-0.8644322844781455,1.4397920173547625,-0.11476379562052112,-0.9742369391356649,-1.4452618828306292,0.11178703581910468,0
-0.5745062481255588,-1.0418836185917564,-0.6012233312494005,-0.8603365894862942,0.0015545217375805026,0.07665522872301987,1.3983254624523893,0.37239151307025703,-1.5125703824451058,1.1768775942422987,0.04889114735616079,-0.22668841159655395,-0.255851020396331,-0.4551809289189586,-0.0997119084623358,1
-2.8526044482595445,-1.0293521153752083,0.2517084817118338,-1.8258411092388485,0.6775310532188364,0.4561496104532993,-0.004682774973114044,-1.0066535892293733,0.35603006010768845,0.6537567537633974,0.055890690079454325,-0.8278574382997617,-0.27803795565025435,0.4956328233950803,-0.23959525309573104,0
1.5433396919422049,-1.2075762305810935,0.10185029110191168,-0.3667936247778006,-0.4796016912781822,-0.8116340583541554,-0.6469408917683697,1.055735160858902,-0.3321673147782252,-0.09026166598597464,0.4992287167160509,0.8972405454149887,-0.5730398364751024,0.4718710557985327,-0.0653734122932896,1
2.9659044849044314,-1.1889224222128165,-0.6171999600096453,0.08319982477386377,-0.6204187882820609,-0.12186986359966309,0.38512408502817075,-0.8201973293203746,0.10034704576496346,-0.0355826033802754,-0.6552446635226871,-0.1125703521081541,-0.5475927063145052,0.10639869418231561,0.25760339150707207,1
-0.6359402334827194,0.0503409044038584,0.2016861906681946,1.258809209560065,-1.7510008691761143,0.036347171965823925,-1.185736333632506,-0.5687267605856045,0.6260885828614263,0.6731150141656905,0.6079881591226391,0.4410722523599365,0.6599229366683673,-0.053051166356931086,0.581184329125035,1
-0.6790910976701118,-2.4722845134704183,0.46812986626484443,-0.3154744055589803,-0.7659832264933619,-0.03234288620301771,0.954733622235903,0.232643350772336,-0.5412772950840548,0.4832189832509794,0.6848349436035672,-1.3986964657203824,-0.384800697235212,-0.9459141983344711,1.0505696430076594,1
-0.9847179438801115,1.4876883874395885,2.395587287150486,-0.13867809708255893,-0.33808927913017406,-0.9208503792890246,1.2099399010466736,-1.2144943079552286,-1.77731845419421,0.006916982454379416,-0.40403634269295297,0.4377853752167567,-0.9869307797550305,-0.058337190944703625,0.3824203410043564,0
0.41257778592608435,-0.6530989176487627,0.336976697501164,-0.03733021419088741,0.007179698825086486,0.4001351522773707,0.7064282347117984,-0.42251858927023594,-0.48833871418262875,-0.30623593591978987,-0.16942302618713953,-0.3893040156606495,-1.2199536744583677,1.624413788752336,-0.371607852918486,0
1.3771803191861298,-0.8327224981861171,-1.4827657192248949,0.3480481151030975,0.012514837231571185,-1.5114584093454333,0.32526602771721025,0.7385415500371907,1.1528538917208964,-0.45203164008341473,-0.7606858363317085,0.8896362321411915,0.674890424422261,-0.20418580122892466,0.6875381054003878,1
-0.9030868609958046,1.1551490085799698,2.8198431920961378,0.53252804556776,0.29247763564347273,-1.7685548991934135,2.2800866863713223,-0.6572154586427079,0.18200362831632275,-1.5213824678805639,-0.42958046560143515,-0.5509339108953505,-0.29617323752278985,1.784025031494055,0.9581429841039012,0
3.2870316701425186,-0.8903994519323736,-0.3664483440511355,-0.20339669019577858,-0.8175954647847636,0.4577232025776718,-0.4297596503983209,-0.5893395173741293,-0.9459363849098852,0.21819022092491694,0.12294802751878249,-0.8588761282103092,0.341104170835775,1.2904058601735147,0.2999694939963413,1
-2.2701421129212394,2.349720507385062,-0.023892078094144842,0.2706842803060732,-0.7930777424609737,-0.007562243905102014,0.1359062646897384,2.0788179234126636,0.4335260325172686,-0.061996760301242466,-1.1564571880541823,0.4530558638237486,0.3834606653195096,-0.4720819121428303,-0.04459697734487961,0
1.5374813528523112,-1.6880785121695245,-0.1614210813420732,1.1259507884616773,-0.3661580680294199,0.20083404614108005,-1.121621030470066,-0.14562434281646755,-0.4300021496967478,-0.7183207430330355,0.4991148904749023,-0.40068593421688015,0.3212135453630194,-1.223621295259093,0.35966080445228926,1
3.2793594492861597,-0.17949790705527766,-0.46627071309326173,-0.7681776541868091,-0.7711448217956792,-0.2493440443328657,-0.07775317946144966,-0.7733702157123418,0.1525031171573922,0.618514605997836,0.18424708077498825,-0.012401200843137058,0.37647058867668814,0.8167162574908827,-0.27251201328045394,1
-0.2015584463086247,1.0077837355859656,0.6763524571114742,1.4614715050198306,-0.817841977826757,0.557153078929816,0.40847434658265513,-2.0998745946857613,0.5480984989723249,-0.155307190108342,0.7167117343562427,-0.795906573915783,0.11216742761406512,0.11929631790101962,-1.4279090582412686,1
-0.7857029708975322,0.7827762417928349,1.0089117162092793,0.0019228841750956332,-1.7680167982983777,-0.3876757165473917,0.13147213032029242,-1.0805331229248283,0.6692594207256866,0.7524373873357595,1.208722844526646,-0.12112174426992864,-0.5307479125998357,-0.004185499221445962,0.49273988800561125,0
2.8764904730890932,0.8934215691039998,2.702724520608194,-2.0832187847664367,0.16438863249588484,-2.7515344136372355,1.2600666786936665,-0.9178237619546573,0.7885783705403886,-0.3089679944342928,0.15577477987559493,1.194739306187055,-0.6484540442803218,-0.14686075616065558,-0.0035350333743874003,1
-0.391508457215756,0.567162027714937,0.9262734269914126,1.9650917908658059,-0.6098813772546438,-0.30412603603196986,-0.25145921411301303,-1.4497773258689983,1.216769315611401,0.10125587926823303,0.3329873033556403,0.48564683736406017,1.3075098335159483,0.21850080046124928,-1.3835481912945122,1
-1.3936127511485132,2.3669233733729884,-0.453268010579133,0.8518249777209616,-0.04494716983180655,-0.7692422362533147,-0.1676491647639214,0.38844594943257876,0.3633797236455263,-0.9306612188298793,1.1465911742489932,0.9716182617507513,-0.26694312186154934,0.14004303296401077,-0.04418151184395974,0
1.3151590854616906,0.2160130271295677,-0.21693032088758393,-0.6157661561286994,-1.207132250075065,1.180882806822957,-1.7706036144463717,1.8508618180839433,-0.556114709916853,0.29227095997424285,-0.4409878447588539,-0.43040282932944074,0.7600899699198668,-1.5407867409588074,-0.3806266901816151,1
3.249238248589185,-1.1069837667963427,-0.8519784070687695,0.6909061021046546,-0.4181755868748929,-0.07887251105875978,-1.2442247838698635,0.12735098807319506,-0.7234970579637626,-0.5941729870148027,-0.4831766399968345,0.8047118914012608,-0.3578129491116991,0.23353789299082714,0.13479628176959205,1
0.7675272683028415,-0.01532862099509324,0.3611483845433351,-0.2996364224653883,1.9024018155331406,2.833941202460756,1.0796392807533761,0.1862599248083776,-2.445715815100648,1.4671883080472519,1.0353170696744254,1.0812502707450862,-0.050739525865639755,-0.44846818672409267,0.6490644311901773,1
-1.1238215562385307,-1.6358361393517118,0.09778620606299182,-0.5630646559238766,-0.053388305180567946,0.42310686295667643,1.3198183363183125,0.48918174779456264,-1.4790645559928624,0.8783475415252522,0.725463971162886,-1.2629919765627373,0.14138872053743526,-0.04767212127311401,-0.2809032759667862,1
-1.0002632555109157,3.335250545807043,-1.1492385083787566,-0.4296772383500121,-0.3260458604676484,-0.8636847655734898,1.049014131068753,-0.4408913146588738,0.4110267453961993,0.15538526287563612,0.6613028194683966,1.0261841432901535,-0.7183907847723735,-0.011254412165415085,0.12428324129292723,0
2.7950704024294324,-0.9178032495080661,-0.38914728892027733,-0.20814090069027466,-0.7064229540932944,-0.29200042403152127,0.2863719433298255,-0.8862566039102326,0.07092643543794842,0.25048378584389014,-0.31189443378909054,-0.1961900626172603,-0.08027983378529549,0.2301937952978774,-0.45160123328730895,1
-0.9730051063987738,2.1982330962021317,-0.6395243511219654,0.2854186097960974,-0.39444942149841755,-0.625647309263574,1.0438733971433494,-0.6378569407213219,-0.5613126810242278,0.25477172492996936,0.01520450606229324,0.16853346103475736,0.18243543714666868,0.6882236845948877,0.6356081638712169,0
-1.9524822300474858,-0.7632363301359895,-0.5865419925576194,-1.2775197686224524,0.6590133776439852,0.7951134395287254,-0.206744896786416,-1.7736618963321809,0.9299155503659096,0.581038290932536,-0.4958007425275242,-0.6996259786409208,0.09762605546773272,-0.023747812320221072,-0.6130689670211664,0
1.9733772832453593,-0.6135306896010256,-0.1764654224160173,-0.9919399243167605,-0.49095227269295055,-0.49509989717450464,0.6654406526225035,0.27311194171797704,0.8170376789588094,-0.30118420895646864,0.6832122365374771,0.3649086554570274,-1.9391774433767475,0.058200947334527735,0.6524743853999425,1
1.203463654743878,-2.0905141847869344,0.024770580915975053,0.788728896785027,0.15403645135231075,-0.015218836793069786,1.7334401184326478,-0.862850250060642,-0.015393285595362691,0.05903128234619428,-1.0390819736055414,-0.8546435195787521,0.30005345348788,0.5064838984558923,-1.474993408290064,0
0.08905907475275071,0.1481705269024031,-1.721508005638144,0.044337893309227064,0.7048564181832362,-0.14866355309740084,1.5984300300729843,-0.12368061261990924,0.20249695834533535,-0.45606763387698657,0.14649262380392422,-0.819080543490578,0.44392506903855855,-1.0243029685761844,0.09254883434044048,0
-2.4639902969947145,0.6589824726858939,0.10880654379783106,-0.33789682504137153,-1.1657795278027034,-0.30313534596824543,1.5446961033937001,-0.41467325745643996,0.36258060270335934,1.9451390006879068,0.20156143991894834,0.614336100494267,-0.22939699018700271,0.3284833460807157,-0.015576750913541049,0
1.545481617267108,2.5901438018153438,0.762697151552029,-0.4338794586500582,-2.246270510735384,0.8084628575338025,-0.35306532045693545,0.06954285773517921,3.0274310974139405,0.05449186476823219,-0.3820550958933372,0.04517111667687152,-0.9132438540658413,0.35676235850510396,-0.4179815591856251,1
-2.478186848114093,-0.5913778462769733,-0.5407308501418933,-1.4743291404059953,0.9356551217945025,-0.30080925684757426,-1.1250125727080378,-0.378376963330751,-0.16317272057401538,0.5935059367248602,-0.7796958893954228,1.30815243835676,-0.38345866996465117,-0.24676041024479003,-0.7613001543405042,0
-2.4287352205841617,0.3951777308371062,0.5921914969269032,0.12943435066036216,-1.0843174325404117,0.1873300418517715,1.2384525321905144,-0.40581147904421033,0.29286287472733474,1.1205088436481043,0.8658339366039028,-0.2408218335907266,-0.44326517603632254,0.514892699353347,-0.0742747310109027,0
-1.9398171302992069,0.631933024029931,0.2886706045986114,0.26663100515127097,-0.9803900823831343,0.23206276602188192,1.1173514029404752,-0.5172512559250849,0.09447431306115536,0.8035420800917964,0.6026867313693268,0.06518880614217724,-0.9670247696104158,0.2514605704568945,0.0691188122117451,0
-1.4786379193931622,1.2355905080707934,-0.5476617029999041,1.2276920405530067,-0.21322487765143713,0.10274837705107394,1.1541821568238544,-0.35292900990301335,-0.4103427041101666,-1.1181764615684355,0.24588279833815335,-0.6298103386375847,-1.2008698535708224,0.14877211477886126,1.2079683995715582,0
-0.8469936574190376,0.19144541483790287,-0.8802564928957437,-0.7391424837558453,0.7071162228985941,-0.44029166787446733,1.6854579779127599,0.7546193982002111,-0.1594402208112045,-0.3939691127728637,1.124584801425392,-0.9417915378970035,0.026928081139410056,-0.4542319397872157,0.32150141968643053,0
-1.8515243913389667,1.4310483968910357,-0.5156870187261168,0.6786177293993186,-0.37386046512792803,-0.3855776099093871,1.3779790065134332,-0.3770698995581304,-0.2511590015843484,-0.2031594065500528,0.1380589296853186,-0.29130166851684036,-0.4120169607886026,0.26860691091090017,0.7171959371157132,0
0.5290064988071381,-0.02167351983084436,-1.4542325098009794,-0.39509798933417456,0.13923301018769774,0.40321269332965315,0.9741637231375846,-0.5053227672838692,-0.45176529271828203,0.35725229632671224,0.20689008117987814,0.06826609293550907,-0.7465885580261442,-1.6007675799783805,-1.314169359137411,0
3.3649809544806097,1.8005394697975459,3.395487138000289,-1.0203554957023793,0.7114663489021155,-2.3317356812956387,-0.13004597205263735,-1.6285360508825826,-1.8455109795430111,-1.5101584606864658,1.2686088995839984,-1.65498616284773,2.501576007780754,0.5797901191942451,0.6255825323680034,1
0.8619882761853993,0.8074688227000181,0.03911228716367593,1.3739996577582831,-1.7409583484745004,0.44121577149236585,-2.261353662176292,-0.9260885231560232,-1.204660119085381,0.42318511248718216,0.518844963645564,0.3160100531445051,0.8995903668480916,0.5772068242162606,0.36293419292094153,0
-2.4902990325747063,-0.4619209890471233,-0.14453503600880446,2.7138288242622903,-0.3239481019423128,0.04152290994553574,0.378936020175261,-0.148124822190202,0.048112560710107465,-0.7805612178581496,-0.1498201272231535,-0.9735311112499718,1.342935060713859,0.27628138110800876,0.16464269175400703,0
-2.0013385868723033,2.0026535544934823,-0.6880559018906548,0.2559325322259725,-0.4340434608255671,-0.2508625891806714,1.1027637082913906,-0.1422465655494957,-0.273461566085473,-0.21928527667545986,0.7763836086703034,-0.22609951645696436,-0.6775924173344307,0.20022081146011556,0.2573395736251809,0
0.6141750013606528,-1.7273922239297745,-0.06704995100959969,-0.6035121772979102,-0.6504125010451307,-0.7094598454019256,-0.30412989732468937,1.561995057642341,-0.16029431236534844,0.44379590838778005,0.47163108896052586,0.8145191818061202,-0.44603693617413825,0.5876130706946675,0.42364438893336015,1
2.12383325508909,-1.5271688334336413,-0.7385704109028464,-0.037985172234194106,-0.7905969347253821,0.13254682147910316,0.3910903270977161,-0.4223778606670415,-0.3697000581116819,0.1706756865417352,-0.4865804602046107,-0.42217013203152765,-0.6317179606403494,0.07718896123841922,0.04963397146048757,1
2.046192387130568,0.9592433757488933,-1.0349165725322083,-0.6881852923863959,-0.2324209577953629,-0.6193384859022334,-0.05504125454083414,-0.7097238256417551,-0.13377531328203432,0.09820757556158673,0.9510808479497084,-1.0308594522043044,1.8649494067418686,-0.2634945762083324,0.6301534698987166,1
-1.8562115406646857,-0.7703429910545669,0.41693719234344134,-0.9050023920629027,1.0400581514861578,0.43533547876970796,-1.8053915954015693,-0.47911802901264594,-0.2595472240461613,-0.3835215355418511,0.3530418802943149,-0.07465990103424061,0.040956824260104455,0.7350769210426129,-0.48231735830959793,0
-1.32756095129845,-1.2241619066464156,0.0489675880115547,-0.8751930591468794,0.0033556439852105743,0.07959383614605538,1.571001622855087,0.47727527072230574,-0.5645486651372179,0.8850535382711306,1.0020583723465446,-0.8293645109308168,-0.1527305450646839,-0.5144002920322605,-0.6829778790238539,0
-1.3899403145576983,-1.2942710846438985,-0.20898687753968356,-0.9546557209449308,-0.03820335749091816,-0.12476142544165766,1.7491111009497005,0.4490167260285448,-0.7579924396973343,1.250022619218241,0.47395306328210224,-0.47231647032404417,-0.0955388288112026,-0.658465481358182,-0.6236737914555195,0
-2.39151848633535,-1.6268942002279203,0.6978434829292993,-0.16820998987493513,-0.21471652290160412,0.3849393610555775,1.3525104433533843,-0.2673369588871337,-0.15997140484592326,0.7788105649594779,0.3780556561771716,-1.2491857685042091,0.004171269655859254,0.21385043868932946,0.007087930855376624,0
-0.38190923760762335,0.7170553114084475,-1.5492041956842775,-1.121878754996173,0.5971975255073183,-0.5133007038035755,1.3956346738642114,0.7588997566542496,-1.205327203537163,0.19223664070877225,0.5353386770389561,-0.2991291442457414,0.10196394674146705,-0.3820365219649972,0.30680551319169747,0
-0.8466713256677924,2.8917348656236235,-0.5811551304289522,0.3611432668536255,-0.8530140897511179,1.1915505604087893,0.2604574155108189,1.0727861150065239,-1.5199917880665497,-0.9316103800624322,-1.4546825910198318,-0.7890945079227263,-1.2560894002819354,-0.5193683862094546,0.29992085694070447,0
0.5228512167938503,-0.2234462538394814,0.494637846233028,1.9429583985244527,-1.7481311684385255,0.5186792224584528,-1.9592669927343986,-1.003175850401256,-1.263643344830721,0.38616306803263345,0.13332812905210698,-0.29569620602698876,1.3469922930772829,0.8324595142492769,0.8055745392242316,1
-1.7757806564111536,-1.2627033797138576,-0.5027436341518787,-1.3125212244435678,0.12409672586152597,-0.49758141160622843,-1.8898311589371282,-0.542409868828662,-0.31749499087951966,0.3742227482678695,-1.0140783261660682,1.1796416913794456,-0.8725458261039111,-0.9030624031198402,0.5916988128369508,0
0.7641651833402179,-1.5960607941238005,0.42721138868197583,-0.40079979538588345,-0.5603005285350077,-0.2713414632934499,-0.6884676670198243,1.608006924594737,0.13614576069219333,-0.34506744164953246,1.500502942714495,0.08752287708003151,-0.6285479355100675,0.8407499740173049,0.2829872911479419,1
-0.13396250156127565,0.4188756903870944,-0.20890200903311987,0.8563592161200427,-1.9077957148937583,0.6365917430471862,-0.3262650045492311,-1.428403509933351,-0.037851854133387736,0.5968656159073473,0.3366163571768629,-0.44270324953813794,-0.4715676734591629,-0.26595584369648095,0.8205849938851305,1
2.785491159502124,-1.2463936024406372,-0.12960040241590712,0.6003203452845843,-0.45270412737956517,-0.8156372420387549,-0.8082746524249214,-0.3254278161833025,-0.05599071033493783,-0.13703667475235198,-0.4727207347873487,0.7335798836121313,0.5991096562242302,0.11378734597634986,-0.999901119314726,1
0.3518103436147738,-2.4373060749857247,-0.01216554165105336,0.9082815804000023,-0.5049667040104335,-0.40845487327031027,-0.19364446903670757,-0.0280963619209147,0.46123380918970325,0.21132694801122004,-0.0074313810874030274,-0.17304564936234626,0.9514103143350006,-1.429737027380253,0.3892667355809493,1
1.911522268080625,0.2803665338016894,-1.7243263725962692,-0.6798788346740464,-0.1699021677608981,-1.0362179972212187,1.0655356617542018,0.009004496045627582,1.3745631064354762,-0.3243995459096553,-0.11276097973758696,0.13156466036200737,-0.15744748708453973,-0.15004996965897663,0.6889992856237439,1
1.6981206501770691,-0.07815339094935536,-0.06683505233528332,-0.5208148891398561,-0.440593778912158,1.4199173559355922,0.8682430163345513,1.1612009789347986,0.34250579941744447,0.037039221443729904,-1.6383405777535034,-1.0294575399574593,-0.13721230605327986,0.1566461538647194,-1.3350095734111398,1
-1.1481317112981952,-0.7388548654542029,0.76287804303888,0.6983362894062474,1.5877745282401996,3.1681639535980897,1.4865519097490758,-0.9511523059125103,0.33533636194139355,1.4688837228042142,0.7014799385419318,0.41731358435426064,0.5849005008921414,-0.6478275161123667,0.448315207497622,0
2.2445800226212893,0.341870906915105,-0.5618562766449322,-0.7085636122489962,-0.6829231669100264,-0.7668169091203726,1.3433744460959314,0.7459468515638105,1.6987910663416461,0.21405395292791687,-2.8314354669903543,-0.4390261296601749,1.2381642411155127,-0.5579563102747004,0.41088695901346495,1
0.6878322074859303,1.399256668793592,-1.1596655132800915,2.0998957550733497,-0.8642562302633522,-0.37543077661415497,-1.296843666730978,-0.7196786159418671,-0.11277512644702394,-1.3071739794836374,-0.2639633452078004,0.6035879074946553,-0.04215229949462649,-0.5844407809948676,1.5569662175634273,1
-1.2917870297573395,-1.3838356736179511,0.699081335718358,0.6510198572403497,2.94971949470835,3.064266990610132,-0.6325194686183826,-1.085213510238766,1.3976244409672525,0.2701903321953204,-0.18958606793493848,1.4561776281558725,0.5612120119575116,-0.3237473882053263,1.3919800949095045,0
-1.7076800841833646,1.7008947811392379,1.1936360571841276,-0.1225615035645505,-1.4618516004595763,1.5051554302171697,0.49005542524215945,0.9170398181743975,0.42989072817793283,0.17278315981841288,-0.15850309858467718,-1.0108721347961813,-1.0199702798445969,-0.2893312245214877,-0.6146804512073493,0
-1.6242422038993274,-1.1617847712650884,0.32230878644920813,0.2405545612405129,0.8383773145500337,-1.1559011273909456,1.0804418878506117,1.2867234383663577,0.35678729760160466,-0.2383354386274537,1.0664236984930058,-0.8227074588820339,2.100005472611207,0.13843784218267155,-0.009745420792381498,0
3.056443187236321,0.8819340801221262,0.0570983555584785,-2.018402944094098,-1.3358156962825407,0.5685669966831667,-0.5089557685392206,1.5580063850902193,-1.2654837607578253,0.8468033937339047,-1.4058361036420337,-0.07706793396243419,-0.3789440596857845,0.5973755029509799,0.12224532144943615,1
2.520530107987597,-0.04317063610445525,-0.42048909841631343,-0.22150109256125294,-0.5624121914643407,0.002032642962622891,-0.309433730871801,-1.3495465021078945,-0.27172661436657086,0.023072008067995906,0.6528398200047221,-0.5081503567183402,0.1166648543749659,-1.253509675151649,-0.3243728602379734,1
1.3843823821509336,-0.5455495274615803,0.4994140743526343,-1.7336877102767194,-1.4336823111044485,0.8386884860003031,0.23987111461320637,2.1697200477057788,-0.24218717697020023,0.8406375491639155,-1.0650849752522316,-0.9220253454064937,-0.37875276603063657,0.617272911789342,0.8348530737453904,1
3.140604897493961,2.228430942364337,-1.8171571809343832,-1.5040960366497687,-0.31394371792792414,-1.3869473349491188,-0.2597301255056759,-1.139756959613583,-0.8932925184676241,1.2688219568930288,-0.03762102676984948,0.45736408614454394,2.446039128051147,-0.26930698307701706,0.1864164947475542,1
-0.600709937139418,-0.9776715777655296,-0.06378102340932769,2.525941780682855,-0.7785846227561565,0.21596825190513652,0.19945382062729203,-0.43991849043338355,0.0070251188167090505,-0.3186181102303964,-1.3405255565928997,0.7461540440034802,-0.6069905301958397,0.9554453711487916,-0.9505858933678203,0
3.2227972620876897,-0.7065668438636118,3.8415382669428952,0.17045610949482526,0.6049881089633004,-2.8850907277970785,0.06204375459371392,-0.9192484766492716,-0.11708597073725759,-1.8072862812118777,-0.4369326068586059,0.8665673732586062,0.14339089081008805,-0.09821172806667595,-0.4639546781934978,1
0.2025545469105799,1.7744622720815273,0.04670494487757947,-1.054820636722583,-0.7123063757488438,1.5177999677325047,-0.16196662751773266,0.07065846085689732,0.3431492366645875,0.6537433348078777,-0.866227353464046,-0.835091577406826,0.44744652685087494,-0.8177202663704046,-1.8052266619907271,1
-2.075759472275263,-0.17387158858789792,-1.165558381795458,-0.9074436565787167,1.2399979978050806,0.14477355421619248,0.2158782553072138,-1.5572424482697709,1.016693108801672,-0.2679002783722741,-0.8077102840519329,-1.2236373018735511,0.9895203741772186,0.230224077153808,0.28523812856146014,0
3.773858037005062,3.129225053351125,3.1654521740151482,-2.6536299494913913,0.15146476787328908,-1.9801611591251995,0.5842748710395653,0.8447406501029909,1.1836285826441912,-1.1409323322839828,-0.4453131947168724,-0.47227604410926843,1.3577473782849054,0.864242064886308,0.9984869478057834,1
2.462536943743665,-1.9544505679101076,-0.1917126130244837,0.9837502301540276,-0.45557376742663386,-0.5450188460069597,-0.631001369549922,-0.1406551779003662,-0.24948747460920753,-0.30428655073485555,-0.7956529934575605,0.44799953932573855,0.350430143166896,0.09519016941350521,-0.382818066637566,1
-2.8976436159351815,-1.5687244728941998,0.23928570132889254,-0.8288453207757965,0.9636058747967224,0.17761525119463106,-1.0870186410716367,-0.2771961387320916,0.05938636973884167,0.014523036108136605,-0.28374948376708214,0.11125081003107033,-0.12034041122585228,0.22075751005812155,-0.3352997357779372,0
-1.0497066628296912,-0.19223923263724152,-0.8185519306902267,0.1780564969401603,0.9483287269407974,-0.584160440365275,0.38563460068622024,1.5460671742095897,-0.7229932381609673,-1.1465196602471996,1.1685749004739279,-0.2273939553424197,0.13126080092650824,-0.7366607666519437,-0.26710090628606004,0
-0.49170344475621175,0.1104483019717905,-0.3569157788236537,0.9873951599858787,-1.8605363736545513,0.28746487056382436,0.16747463561232395,-1.5277829618205376,0.3203081027938283,0.6678945616944224,-0.23336996551292963,-0.06598125022994722,-0.7827080345548526,-0.8709242801439496,0.7303562811553145,0
-0.8598495186347846,-1.3373577914463117,0.32137388884207774,1.3757881922895971,-1.7743448767890702,-0.2707317978659108,-0.6026889655169245,0.5442309925697094,-1.1088085994169263,0.3260156461367343,-0.8572553696681146,0.8865147090221608,-1.1620987182742792,1.2013586608860911,0.8980421601697509,0
-3.521940080076845,-1.8054111373445005,0.6572631904022038,-1.7843823650114072,0.558631179924584,0.2940053163664616,0.4460955525238038,-0.9185680072251841,0.7174483116133695,1.2190110117256332,-0.12794595352108504,-1.1773639729381578,0.5693524094097091,0.8800551410438701,0.09127170944193985,0
-0.32856853854375,-0.916165860200481,-0.13967312572219442,-1.3732821832109612,-0.022099676646139623,-0.27811602301483085,1.8463783537451999,0.9338957338265292,0.5043328233744009,0.8736647295847657,0.7448888605057463,0.03007799562610446,-0.753243940829398,0.908214169995381,-0.8926109486443445,0
-2.253050747036208,0.18485723141682012,-0.6436536807265614,2.1819026441090017,-0.3213090145576033,-0.22082334087571173,0.46307606495278747,-0.04722325954220303,0.4932413171038357,-0.3931112087517232,-0.24458401820942252,-0.16465020283078782,1.1524031002769992,0.11490077835027744,0.38649171401736593,0
-1.2662034697143838,0.5543443831257471,-1.2633539737260298,-0.9169828351421453,1.376031325130198,0.07676851931463065,-0.13387222486125977,-1.8687442845721784,0.9142551681130437,-0.6816624984989611,-0.6837141071151459,-0.9182696107498927,0.6413894700814392,0.026608439442433747,-0.12627355047329386,0
2.4906417760665174,-0.41553185501645096,3.2374210499229044,-0.19570696008196775,0.5208475905985882,-1.9792384857874312,-0.32272046661054565,0.05522432391708564,-0.15262830396308183,-2.3538734592186468,0.7256132612618865,0.601232906462936,-1.203874498580633,-0.28543325390511454,-0.12122285191322488,1
0.8892020906425971,-0.22405959025273767,-1.0404915037670068,-0.8713545644681571,0.12358463183590405,0.6881326632794372,-1.817610498618992,-2.576430716455129,-0.19613008444603955,-0.41572774137325635,-1.1422386207736661,-0.16136490693038114,-1.0662517771606783,-0.7913160847822954,0.7322998854292188,1
1.2138562355769213,-3.097875673567332,0.26157763186674604,1.169962523689209,-0.4890248997230069,-0.5525839006894199,0.1872865515573509,0.25601994455706417,1.1366254673931988,-0.18540335647801676,-0.6092938877906816,-0.05071397018063725,0.5390716083644613,0.1384897751302618,0.41083985369008214,1
-0.7064073367135714,1.357485707857432,0.9476542630255516,0.7882337151382712,-1.5075313242027877,1.2223520498001246,0.636929842072092,-0.5121827348104154,0.7025660918796048,0.65432500628973,-1.635053861526262,-0.9984718573764071,0.5922636153414124,-0.6058781335197508,-1.446544059306077,0
-1.510697422861862,-0.8863348652626797,0.09475219648970667,-1.1640365720967927,1.042629839748287,0.16786302858407037,-1.2527107094781598,0.14982123733319005,0.9433438037026696,-0.739570957408217,0.016954083493172074,0.714051381120602,-1.2902033123117316,1.5460718551552945,-0.8183857381602436,0
0.31391976637580266,0.7792161296701609,-0.5189794735568227,-1.1335452573365998,-0.9546107687479726,0.07196042918236156,-0.20320321290319915,-1.1213916336060188,1.987178200504881,0.7127145893715606,1.332124458922169,0.10214156899339727,-0.3472937190305742,-0.9526821580703021,0.2562980526752782,1
-2.7334746012936653,-0.3316745232917716,1.0496941363681527,-1.5102927670521868,0.43750853725656713,1.2293572810611317,-1.5776908383715538,1.1887725095795352,0.6585342085443752,-0.21979943648131897,-1.1133040630313362,-0.6641583825256093,0.0557394507127575,-0.2879799033786717,-0.9967381348417473,0
1.039772803419206,0.30444217108320704,-0.4226668494946587,1.530299267690171,-1.5332056900516453,-0.6097201219805003,-0.8455680537344255,-0.7890986275787722,0.8106085995737587,-0.07209995039648733,-0.9508344212618555,1.8966207103297688,-1.0411298541262621,0.1820854001433124,-0.25852606500074815,1
0.13325519986423,-0.5696871986049867,-0.343719220928503,1.226112048134549,-1.9206356359025967,0.20555924904186676,0.4541333750692811,-1.1771191072670708,0.29114261307107975,0.3533121598082026,-1.0462171440023185,0.10989879871464575,-1.4194375951347944,0.4563124385417332,0.3472839647034622,0
-2.390390114137287,-0.4392433923739413,0.2858768543582686,1.4911156115312985,-0.7777730266353481,-0.005575691335826912,0.13210304237953527,0.21852324055788105,-0.8390568270166796,0.30485148780519844,-0.14784237056011998,0.7748769664180781,-0.6965773240590429,-0.09434862160235494,-0.19870355587357852,1
2.832656975244884,1.435944597966433,-0.1489751856898702,-1.6308515322504804,-1.3034490867141129,1.4336708441751715,-1.0069881862880288,0.8040375693900038,0.2176639171778045,0.7241583688239297,-0.03353859883908701,-1.0508511280288375,0.867558943070035,-0.6853413368609312,0.59718090869567,1
-2.949706309410392,-0.6048387682561193,0.47174771681420147,1.1519967151333537,-0.9222536058714904,-0.24517430422253658,0.39452321137295887,0.3438681838791875,-0.5159279589286858,0.9750057955056499,-0.06853447451522611,0.7430208098913925,0.0020813697414271072,0.15994512681182949,-0.30302783846645787,0
-2.4093380251429246,-0.5046588933752001,-0.443254153388109,-2.112614688449794,0.7064921816757685,0.11854713614765496,0.07380028473450943,-1.1113126836368799,0.18161068670749073,0.9956481141604538,-0.6545718742279378,0.15706874152618705,-0.6428662724345537,0.0753361748688514,-0.15790822903084412,0
-1.9982841937747673,1.3606539162485969,-1.2921237925404057,1.0567720706269401,-0.3367191471592076,-0.6726410065330725,-0.002527395279247289,0.5991181392489829,-1.8875600220260282,0.03631601422803855,-0.6360320056178581,1.1946627612486849,-0.11718136090681368,0.04598733898077687,0.27174722810079766,0
-0.14456696560678806,0.6489143751947655,0.58599845012913,-0.7626607069664312,-1.3605551871355552,0.27405020403529906,-1.1940540697307291,0.835550497102913,2.090374977363969,0.8625148797070016,-0.7917798752074344,0.2648605817699365,1.2046491772911758,-1.5282094114598788,-0.6347104802640282,0
-0.04016834064384613,-0.9213546905096497,-1.7769053724015176,0.7618280094271357,0.715760282696779,-0.16704925061155193,1.943315055742478,-0.3203054438939836,-0.5623784298509291,-0.43343294209894523,-1.0812514855307724,-0.9558750877688328,0.4702490303405706,-1.1900500297865502,0.5551073182773417,0
0.25025408465633864,3.1788709063147342,-3.0966382460587676,-0.5689617623232904,-1.452385319647372,-1.9874027903319496,0.763064293152523,-1.6280084869596125,-0.2356247385114131,2.0123671571026063,-2.337024691063037,2.8983921761930986,-0.12149773844269926,-1.8606169742361636,0.3995812453899954,0
2.315375378870935,-0.36881601952433535,-0.7311673605303116,-1.0856406646787151,-0.7919310827570704,-0.18012599982439492,0.4290979158341536,-0.1630333427690658,1.398680201754765,0.6558315256753235,0.6166653883616366,0.17643294794413678,-0.2791319402471038,0.44746673186848973,0.30453389600473313,1
2.580761835713564,0.08455577323630892,2.108130304457343,-0.48169693138016495,1.1050255155941353,-1.122919780792994,1.3879494733454567,-0.6421767622819462,-1.952995066056001,-1.7368215685564221,-0.7742643683574226,0.25715561669140946,-1.859591750015267,0.20621636003282234,-0.3392476591506677,1
2.940874300847849,1.1841891609356927,-1.4510909635480598,-0.4244898703771481,0.19859333977564825,0.7362748748698195,-0.3545991586307959,-1.0812024942735798,-2.105585942989558,0.2725930622070832,0.20975163419506257,0.05440334387234299,0.13164335530682586,-0.315890407377487,-1.0641204419392105,1
0.731593846277962,-1.3076152651935156,0.24145741339577528,-0.8679881397260585,-0.5759711655622831,-1.5382887571630293,0.08508414146164722,1.0736931374031282,0.8252588802237746,0.7920037836418664,0.3620876005430868,1.3676137646143287,0.03727869290123204,0.25759850841858356,-0.3605397394104941,1
0.5210219480346338,-0.3206145673075218,-0.6444774231044225,-1.7539938431110595,-0.9549254251028478,-0.16115989173124465,0.01761349564120862,0.3780415061714967,-1.6021779034935681,1.5190513129204162,0.8959114177164059,-0.07036665776782772,-0.16517216383544023,-0.5217302552482621,0.6448063437262217,1
1.6171924843667373,0.06731006175347735,-0.850600990194378,-1.2044801688292384,-0.9313074423651642,0.05790730651769415,-0.25126632686382094,-0.6154895903001294,-0.4666481455258564,1.3580163507581142,0.8880364451824052,-0.30786033753737424,0.8300994439597281,-0.6593753210841955,0.006721863627797284,1
-0.4791958329863033,0.7659284909533256,0.11357504260683825,0.7516975390721642,-1.5977630552019646,-0.38662393127051237,-1.4909352207288735,-0.18615935015096768,-1.2571818752085886,0.30963696471301005,0.4172213595452271,1.277212572082055,-0.8915406822040405,-0.4264157490941623,0.20065149308591881,0
-2.107627773476117,-1.6206944233960114,1.0631821874303204,-0.9745629492006486,-0.3747488934674827,0.9472326681861588,-2.089317386275939,0.8897033919675773,0.13228114141110306,-0.3205797477029046,-2.1175852276489375,-0.809681916356531,-0.3155268532013898,-1.018594914816261,0.6431200229035918,0
1.652709653415395,0.6995342396936983,-1.2572129071165163,-1.6988679844597432,-0.07803939348043844,0.5455496396813199,0.1487069224517276,0.9276535277126581,-2.3943365071929223,0.6272667040204827,0.6942712721848942,0.44104218512626486,-1.3083516281382117,1.4586615206247646,-0.9768431010980803,1
-1.5053348551809222,0.5453506053789033,-0.6078639993340171,2.479302659216402,-0.20468721201565362,-0.32831439478326696,0.12746473269590558,-0.5581817836091292,-0.19492746651061432,-0.81410831818176,-0.5189259167675236,-0.06654534044618501,0.9795719453373835,-0.1473460341511383,-0.33097948976894587,0
0.48551524727571954,-0.30529612539912326,-1.8490098338270828,0.8120715178275797,0.8086121377766595,0.019790131423886557,1.4491327960952571,-0.47417312759950264,-0.9732414461926023,-1.0351679903166564,-0.6871325451051592,-0.9708875796637902,-0.06583219025073074,-1.4119920220951216,-0.05613315701075311,0
-1.8506899273640744,1.1355286105146865,0.9960754227020374,0.2474096097085382,-1.530611332089348,1.178077042039748,-0.7785317902492829,1.8728353557673474,-0.9828416038258938,1.0097610824643621,-0.9155692558025017,-0.016848307211201365,0.6169232282273026,0.4944737232063847,-0.3941061367296512,0
0.2915277930311315,-1.8604358948119277,0.29010032650656653,-0.37689022276940065,-0.5493266151060806,-0.6577593511770888,-0.19055686387847504,1.541516052671246,0.49323123424895626,-0.14858754164447824,0.9983044775796572,0.4694114638211808,-0.8380985846473592,0.259186890310357,0.06305558944958725,0
-2.3198630478094002,0.3124877465148022,0.6167742701682382,0.9535687970944625,-0.77482826677974,0.015062294696797821,-0.10300522244557993,0.36069619860603946,0.1179469788201764,0.2513824736787816,1.0752647604144003,0.6529747643660093,-0.4555005669405342,0.251842415449783,-0.4711708102158159,0
-1.0598296699595902,1.1576619170654157,-0.5934498199276509,-2.376816302649833,0.7236565060880851,0.752178851575036,-0.11517880996887521,1.0860314924807557,0.5632341248398527,-0.48420437684892725,-2.4728510510401396,-0.7433234953884416,-0.4500834245155512,1.4746328286564672,0.34671695972937455,0
0.19713422122695953,-2.2078775434399476,-0.06615642913677035,-1.0979778820094213,-0.8666958543029009,-0.8285321640069816,1.6175602151245536,0.6717880423390732,0.6134987237702627,1.2402631976314793,-0.3163852022240717,0.11550479608000053,-0.6768204072697848,0.3720890944529447,1.0780324375680457,1
-2.1776527764848295,-1.3496353444919749,-0.9526448471068952,0.768596287459409,1.6188693422816889,0.46273282697175366,-1.0188481795205857,-0.7156883488875526,0.4547650960291625,-1.770947907466478,-0.9431549119752687,-1.05618119662832,0.62251086701656,-0.002040186985740149,0.6317630122696601,0
2.358570278220419,1.3785412503202543,0.12648085270974474,1.3821940047230972,-1.378420074213205,-0.33337827643595913,-1.658139478115243,-1.044758023845777,1.2327955723262471,-0.7060112293569282,0.3199781841741109,1.5210294698825149,-0.6833386119392832,0.9840802687946087,-0.3049135519858017,1
1.460701931968709,-1.3298443777315865,-0.05049866873767404,-0.6699212574099952,-0.5308374233909504,-0.15971411516507242,0.7842903992831537,0.5209854015582214,0.6920359786203487,-0.4723100381367337,0.6936650613338966,-0.16418838118198203,-2.029712635834002,0.168440066860538,1.0789779533227013,0
0.9128449548389559,0.47549011949980596,-1.3742893870824102,0.08012767393782723,0.9688779933843299,-0.5489269760803118,0.5432712840405475,1.361869680163779,2.205541863164261,-1.3527124694713821,1.1726336259145171,0.48081754750211564,0.2530746995875465,0.6587440922330186,-0.27015101988062534,1
0.6418146057422061,1.5701896960274278,-2.4216935944970377,-0.962923044356711,0.652131867611341,-0.9350350815497781,1.561696819998079,-0.3456231516666183,0.29971801511019674,0.4660393533417222,-0.187113359311999,0.6464703346510758,0.5785698801556958,-1.4021255989664902,-0.6835194053876522,0
2.3515402191777373,0.5414166501650564,0.49652595461220017,0.42389813709297797,2.0793225983643824,3.208849280720899,0.675608866072684,-0.8987764642632551,-0.6171396684961971,0.7457869797222184,1.5693215243692364,0.5901240203649646,0.8594766955136707,-0.3585898240198821,0.3739288824086918,1
3.0627090670308093,-0.8033474460713202,-0.7074999030332006,0.4052624862816622,-0.29508702159707884,-0.2520209308414126,-0.8940675595149781,0.29759399833278316,1.0358232950080084,-0.8051077059431085,0.22876709858195365,1.037634692314087,-0.6766634830726528,0.04069402241326003,0.4640989917319558,1
0.701944524042996,-0.6964576538634604,0.518065772516852,-0.7313253962216745,-1.230330520619832,1.0199455372744208,-1.600500212796946,2.531577875550224,-2.1151641648021746,0.5506615152017109,-0.7677254619840489,-0.735466740098838,0.7251041003513845,-0.6455290900558017,0.7109569039032544,0
2.8505134154244165,-0.8442905085440058,0.7028754543722913,1.2455942805020934,2.199203745315243,3.022189918052252,1.5013664526423776,-0.6820192852550383,0.1925463223839766,-0.041280906562915144,0.35286963863686605,0.7098551099796849,-0.17420405805935288,0.5880439270689873,0.6000636916910759,1
-1.5014964457503424,0.5812341598684151,0.465671134797059,0.7456311067147516,-0.8492390384417096,-0.6728732740081732,-0.06632600747741486,-0.21930763344218845,-0.6468578608915645,1.297736696403971,-0.1392453583103084,1.3865661124332884,0.6939164723856412,0.5817754276458098,-0.6120463388655497,0
-1.0830857471893358,1.9507007828611214,0.8082195865435421,-0.5960379064962492,-1.7832398878364468,1.8566502171094024,-0.24271524507583198,1.1110011576292536,-1.5568370795669815,1.311133028453596,-0.5740194516643219,-1.0723405556778558,0.2469788975202261,1.0419822605448983,-0.06027935708500182,0
0.36895699566881723,-1.3193380913851196,-0.6936527794762869,-0.55663071568493,-0.8544620749125327,-0.1968306517330894,0.7971473345481394,-0.5561439280731724,0.4354695426239547,1.1360118357491003,0.18343288373456396,-0.4323096823339987,0.2787191707019128,-1.5402912493810834,0.27446167882302325,1
2.6635801384468865,0.8001819978891421,-2.296752574336714,-1.262365687629056,-0.4023749164165072,-1.3755438737433425,0.7512978935038047,-0.17589532529193755,-0.12144550031976299,1.0557079344441074,-1.162736417537979,0.8884480497808562,0.9847170657492057,0.5129413064733943,0.7731265402352747,1
-1.0471970934923176,0.13713255319446216,0.44576165009087,-1.2227976082008907,-0.30938357344207845,0.33815685167411946,0.44036650798105753,-0.3258448665870133,-0.5258230404233069,1.425621339738375,1.1092657844290228,-0.6820181569784215,0.8216774053036945,1.1620113469337787,-0.1805422727558098,0
1.5287101613819525,1.788017252731875,3.576700434724355,-1.664679332809041,0.033731214145130674,-2.30584526102156,0.24029798485395043,-2.2590833894170768,0.7860054505802927,-0.4933505334163611,0.941173483496973,0.3710533643522557,0.10565249935174202,-0.8018121428062878,-0.034404036101968925,0
-0.39681109277884397,1.3489814254084034,-1.3244910553498557,-1.4863812326648254,0.7213040779019552,-0.7517391160889844,1.5411339920689606,0.7762422361192467,0.33468594112174854,-0.07849945037857857,1.424984272253552,-0.06799839983006374,-0.15266651807720424,-0.6186862124628908,0.0625228106925747,1
-2.00359377778339,0.6626571555866277,-0.6443125667917059,-1.2584565845938676,1.4482830893684364,0.22246020249899795,-2.005575246724292,0.258512109023992,-0.7724471018161325,-0.9983660930774556,0.8449939672705495,-0.5233761065768435,0.7376460298166113,1.308958776001219,0.24629313732235514,0
-1.865470730289482,0.521676034461497,4.10875017157699,-0.10161626258116674,-1.65020402908264,-1.1933063770859051,-0.004218436174020404,0.9087472790923509,-0.13266416494234493,0.36125279573228836,-1.81416334248859,0.21352115009727418,0.6382656996154136,-1.1485575486635737,0.6821616268227196,0
1.493940556262622,0.6050580779708963,-0.07484432375186198,-0.3723306579162345,2.8534732722851106,3.5816879133467476,-2.0533409210889486,-0.5102014339009376,0.44486405126847584,0.012377964129618576,0.37070724351941153,2.295399364629218,-0.10102075600775402,2.1172441473694286,1.164757142461037,1
-1.222360281045387,0.8942784601716042,0.2256768783068647,-3.5902623349631333,-0.20581223415980934,-0.12477352538183747,-1.3970687817722132,-0.9231355637363239,1.958110858118779,1.2824692908134236,1.8326250498733283,-0.012616381180681615,0.0676568122859514,0.7315914764584804,0.7840081358392281,1
1.4905275196867616,1.8311266109741426,-0.2465542436548054,0.401835383374386,-1.9225319274537864,0.7268980129114554,-1.404286637050992,-1.8080831829664061,-1.1158061206192773,0.7374904103433026,0.7502540113710712,-0.26120904952567786,0.22512235733563254,0.5718154147888778,0.35230525301131826,1
-2.3931826191220544,-0.12371004274075559,0.743083897454406,1.3124189364872285,-0.754414359896617,0.17055903737860384,-0.08114516977173326,0.32558261971450053,-0.1443543858268566,0.020960801849407247,0.9045950110153494,0.3351072878967932,-0.5119850408610195,0.26169109228257953,-0.3348454030582093,0
3.8018262312880906,-0.6515582761660282,-0.12378034931019487,0.1631966811508042,-0.5368240068976154,-0.782067845917141,-1.279755731084813,-0.3927599996686233,-0.40923130868947183,0.5172497418591924,-0.41324140117409924,0.8689325931493344,1.6945022011153885,1.2447036952887687,-0.32039886252195227,1
1.3354373107858784,-1.1858046942016165,0.1693913657969024,-0.7265532003454406,-1.3240548608278995,0.8599154906884948,0.9012138774218584,1.3438240408542739,1.7852455056803316,0.398960820722178,-1.6509020164824812,-1.0326572888908048,-0.29328005060030543,-0.5516223493908541,0.4420660115712527,1
2.2798888001227406,2.0060388131734,-1.1176491053115518,0.07551033832873584,0.4368631596947587,0.8620976697900202,-1.1271775268920035,1.683146371895083,-1.064825460234653,-0.9979975638876334,-1.1462957664630622,-0.4567225609471289,1.751197372570133,-0.5350612487052921,-0.2865560703540245,1
-0.12127754023840137,1.7466095471948329,-1.0743782946991205,2.027324359606864,-0.1610065367735977,0.4327196345260542,0.5980175808002818,-1.5212576458698897,-0.336739940946362,-1.6092828213022663,-0.16224781465199709,-0.7605497325255425,-0.760276017384264,-0.42090306727917365,0.02008697474391019,0
2.28494659704708,-0.47786298841109187,-1.7093339728466892,-0.020970419358297344,0.056377294146922025,0.7231086438845719,0.5998397716085211,-0.2608526549564073,-1.8472678218399203,0.09812536967410466,-1.016678789182151,0.18784402620914786,-1.0515194439388866,0.4803484871321088,-1.0042151620079927,1
0.7118370040886611,2.0889114734910064,-0.021262023867498092,-0.8044587479554237,-0.4942082332747092,2.230533064651987,-0.554865812516338,0.36771251432533036,0.9530673497312909,-0.556326865358184,0.07438652007937996,-1.1557910562348692,-0.6920016755806648,-0.8113824326849195,-0.9874019063877811,0
0.3899877391746985,-0.6658513066908467,-1.3638723840920313,0.029791697476903207,0.6078827675131641,-0.28521881693044226,2.14266541688397,0.4447527610280537,1.2268013307834629,-0.48098830378458424,-0.16366397849305145,-0.8280734372908211,0.33753931853064073,0.752541237258312,0.23312850828936593,0
-2.4549258184217937,-0.31310163673637625,-0.5660928235779232,-0.6199637023164787,1.6045860658873339,-0.6703315258154171,-0.8909622697014757,-0.31571841543770995,-0.08570342385922063,-0.8901096735364608,-0.6933863230026244,0.053664198999851746,0.5727559901944393,0.22674667065071646,0.0689328262016825,0
-0.429306447277275,0.97774283300506,-0.2146941273235718,-0.9472939267004733,0.12173665296155416,0.3808699012329044,0.47281179794010986,-0.42339057424174625,0.5668809583697743,-0.1393034110874293,1.3452323711636822,0.1748229211827454,-1.5954239573053228,-0.37372559453469795,-0.25388177817816343,1
-1.1027030618480398,-0.4385530108191381,-1.1692036437838478,-0.41271015487151336,0.6446822134821159,-0.5194139361856788,1.9107799029959676,0.6763205535470337,-1.0545802938304694,-0.13966036830095477,0.09740667135486038,-0.822703125411248,-0.03078680368900763,-0.7378888401817744,0.36137227569193187,0
0.4864201469458455,1.344642951461151,-1.265728163402537,-1.201567006916808,0.9701258967334727,-1.3555037806937738,0.6538642362232178,2.046460999560408,1.594446311752707,-0.7436473732279899,1.4531204519885454,1.5401126957407498,-0.37597406493247176,0.7646860506624485,-0.3520474362108081,0
-1.2444807246079146,0.8164825801820971,2.1611907070719627,0.4555877433299131,-2.15814617379267,1.2034466220566498,-1.722790478643664,1.6986058864772577,0.6634404705924523,-0.27065052935762796,0.8400355945415521,-1.1017274997739697,0.10966918813102074,0.07075428657412723,0.4522956872116593,0
-0.8390941653310958,1.8047357414434053,-0.881093148958964,0.6942805058421232,-0.929967527611876,-1.2153998679500464,-0.7102400260568796,0.3307923500064655,0.15326229745875053,-0.5925526677782831,0.41043889622597723,1.4446474204544615,-0.7825595630474775,-0.7094418760212015,1.4560312231489725,0
-0.8663232609279011,-2.5023956365711455,0.3203542361170075,0.08899680324118157,-0.572076638353008,-0.5950549824186712,-0.08162139071566377,1.0550282956541777,-0.5124120091978946,0.4018141415456371,0.557939050574562,-0.050014055812151716,0.07065263917076166,-1.1835396370977058,0.6479423750514969,0
2.264571869414344,-0.8314663085756453,-1.1427985540494972,-1.2117264572760533,-1.0675060833183712,0.1919887790289653,0.18219479693688295,0.18310069209913132,-0.15549522514007222,1.5462469050039809,-0.06891066211500307,0.018784046101454625,0.460088023811502,1.292003269782476,1.1473255351082197,1
3.3059546101807817,-0.7462225350460077,-0.39865035500695856,-0.23358548867318718,-0.7303753337834997,-0.11079888740636465,-0.045128617794561954,-0.9157680145654574,-0.4005612059237775,0.3286691601184577,-0.3003078371698934,-0.2973758217151865,0.24365461571217822,0.7198471713089242,-0.14932623342926696,1
1.9376648548842905,-1.5963579940961587,-0.1511648105885773,0.013356429842156334,-0.6205467039052817,0.10221426844350262,0.7381413416723434,-0.33682938144285895,1.5476597797180427,-0.3488632067818383,0.4274672248992747,-0.7124021046619199,-0.7410003554081547,0.11987509109841953,0.5105938146429683,1
-2.2029772805630663,-0.6010698718052491,-0.21138855746455987,-1.1282953768234,1.0685723146091874,0.14906130811832669,-1.415669695376632,-0.34328974711731464,0.10653178239426517,-0.2574368806957746,-0.08268800948670314,0.7277937779603968,-0.7688173082460099,-0.09232704510969661,-0.5372255304862412,0
1.0435339335779006,0.16426132667396623,-1.181819330291405,0.4521711742763285,0.9560257122232177,-0.7830024244168069,0.5336432689461368,0.9066422434164739,1.3275527138801146,-1.2706805550346867,0.4945512343225033,0.3678373169945931,0.6306237565199863,0.5330615071173606,-0.9472784503181453,1
-3.1321313465631544,-0.05291709927710863,0.01510384689294985,1.5514471223566422,-0.3176859506157075,-0.7025088329780886,0.770535091528752,0.6980789656629852,-0.12609640033866076,-0.09850141570265088,0.0029051890819928633,-0.016325639570393926,0.792215263104305,0.54318425575074,0.8269180310186183,0
0.40549169632028165,-2.099227352812561,0.9451246624571107,0.82647981589662,-0.8667638049209516,-1.1747987517126304,-0.2493125423220731,-0.9596994624084533,1.3780896218573242,0.7948316669422141,-1.043743665418891,0.3532996012621484,1.7399400767909428,0.8101738018550076,-0.8550646007661968,1
-1.2748056323394577,0.005202622792374357,0.5359071809407007,1.346337658356338,-1.030750092461298,0.35551411997979976,1.1195960966568614,-1.7404434510157365,0.6542093895388651,0.8522909164973144,-0.045578789750697166,-0.7284860664465079,0.7089761965997129,0.2688536347525847,-0.711038012513964,0
2.358575253624792,1.5474766691966853,-0.2305844365712145,-0.979187423029181,-0.5867441569259426,0.2535451212440289,-1.263500951413748,2.539240579893565,1.8393941633742459,-0.8662539291429268,0.3396562551332686,-0.6200598504763709,1.5519775499849202,0.7229901222628622,0.24785592490591454,1
-0.8155157189215858,-1.3694920748114214,-0.1725719488479938,0.014191751165548987,0.2622516239230359,0.050772267258946006,0.024151216503150046,1.2291001830297363,-1.5545919633843555,0.242408321442084,0.7277588937193838,0.12874209182207988,0.04360499454147056,-0.4514332439233099,-0.6458469226993515,1
0.1474170670041755,-0.8540083553578575,0.23091999102009855,0.2740496683239514,-0.9319055429043477,0.23850351913317272,-0.14232202051015053,-1.7297770578107468,0.3773613443703925,0.19953065974047826,0.25532167935927447,-1.0802230174376186,0.1273242098032317,-0.9421088777339608,-0.20230779556768605,0
-3.2385162553189852,-1.145341272963319,-0.5688347243161279,-0.358875651567796,1.4996815084059336,-0.31961770840346393,-0.723038904677434,0.04174887068939801,-0.44142877113675344,-0.8892036667606531,-0.8039922091020106,-0.45166025668456755,0.45976183028108586,0.27093562011838135,0.4321894244771879,0
0.3692775358308273,-0.5965526711607991,-1.4760778274983304,-0.03517561220581011,0.6001054287657251,-0.26845067639916065,2.132975583390589,0.5021778489066125,1.206157837441293,-0.45864736235833603,-0.16491004908957643,-0.7399759033239838,0.22812613105571974,0.6996127835517363,0.2568034157728174,0
1.6294495093083234,1.005807286703008,-1.8523016788534974,0.539604693889252,0.9567107685190247,-0.4136894777018147,-0.4986269162451253,0.2226601959999286,-1.2223776039263776,-0.809010587506722,0.05952302544621545,0.42238689068737206,1.340405890850921,-0.5007890444799651,-0.46585003383153006,0
-0.7513459656266015,-0.09442818268008796,-0.36325388354110627,-1.4165734480234247,0.06423080530845342,-0.047176770343197554,1.2701301554601558,0.4678343783051699,-0.29233627228592046,0.8392409236483861,1.3952055905791472,-0.14518373663389653,-0.5938531072238807,-0.7394534012404169,-1.0001983620935146,0
-2.0614536819172584,0.15457235452401874,-0.5987219902821679,0.656726190984302,-0.6164847892467824,-0.7047224455036637,2.2086415646615785,0.26108196449293875,-0.044462729004152095,0.3897169069909296,-1.1320400341229562,0.023449506755643047,-0.47214084379094834,1.752808551570948,0.7812155311349026,0
-2.3611825283966272,1.0971370063810209,-0.8509269494686158,0.679681064001819,-0.5003992105721141,-0.3550249162076225,1.4733334216364409,-0.2204322253333601,-1.0129377869912985,0.10980196814016345,-0.3551556064843813,-0.2164392503605168,-0.5436981004271347,0.02911884027371462,0.5343891869145904,0
-3.4499243298381166,-0.6265358805737452,-0.0644898601719794,1.9103079895119695,-0.3785730636101078,-0.5996209273398053,0.8141023392657062,0.6654723744876699,-1.019968620333113,-0.100388605829441,-0.5574294234046234,-0.23864734674487814,0.7086684628544998,0.3585467570902683,0.6371920469210771,0
3.168445358929641,-1.3444614178494543,-0.746220724357877,0.6870021930110031,-0.4359778137990097,-0.27991638084077786,-0.9905854581704269,0.07092459760594105,-0.44986385597163187,-0.282590050475352,-0.7500414021273366,0.8765416813643061,0.02958854186552009,0.3639889662558755,0.3903610591427795,1
1.271654448762604,-0.20763606118141575,-1.6431101058354998,0.5465414958183612,0.6796871906226702,-0.5740981884590017,0.07919846353119762,0.8483880934595968,-1.2721822317866567,-0.4294255890363202,-0.7110075127814064,0.29033434704849126,1.3794828457625878,1.0749604391527763,-1.0012796581969101,1
-3.575020288222771,-1.3310759226986786,-0.06726779601997336,-0.6419085842114497,1.4023028156502688,-0.743694190831371,-0.37077450776664983,-0.03977671200741465,0.2843290772830577,-0.17224673199301813,-0.7074230109238099,-0.5368186292397737,1.5780542467385956,0.7277413756102915,0.3934454972462048,0
-0.9994950166124138,-1.8901346182638699,0.10918101883115588,0.507157174417655,0.41155620139424853,-0.015345577104922011,0.3935709068544777,1.086168034213657,-0.8904936726267636,-0.2768354653790077,0.6114797053766314,-0.0588257548608119,-0.31305354815941794,-0.8260282292185924,-0.4902472289470925,0
-1.668048941033051,2.5219350085512984,-0.729374121055456,0.3846596879263853,-0.2604062810751451,-0.5362674447532708,-0.42636102718873464,0.7772485414821753,-0.29806104642008424,-0.33855950222743114,1.3287997042617283,0.92522849272027,0.08201861626152843,0.5913504434439409,0.043133569562482266,0
1.5487295274261945,-1.6066058177605549,-1.01639319681454,0.6632186184297189,0.1852686536984713,1.0812034039309757,1.0701009347613273,-0.034008554313309076,-0.619341157091088,-0.6952085781540183,-0.49813743073363,-0.763285033198651,-1.3311695221197395,0.5040071697772924,-0.21644812958127985,1
0.9968494927697886,-0.909788703361115,-0.5122127938587123,-0.34466958629927846,0.1985045559728091,0.6227818278188385,0.9099557566463149,0.6679112838567205,-1.4535629227232318,-0.5999124192710832,0.34770526362821297,-0.40487916603403545,-2.012522078119016,0.7500669953645206,-0.6336322576508902,1
-1.7549173474533557,1.130245113511689,-0.7242986407959014,1.2912053605636131,-0.49437214826346143,0.3186845382884023,1.1981866775675576,-0.8024171622910536,0.7097516547819926,-0.3764252690372278,0.4628596539338211,-1.1391551967168212,0.3941849179152167,0.2462044318500817,0.40378539040672,0
3.125064233040053,2.3212860161266753,-0.7488123769887077,2.861676059484051,4.803011614713363,-4.023096408536284,-1.482643031274659,1.350915710825203,3.154981029874258,3.7432801322613614,-0.16900127458947653,-2.0838691141346453,-1.5202774468533435,0.5029926623805481,-0.814816844721911,1
-0.5753837734729386,0.2569238480467344,0.7190592675147257,1.1643203837256413,-1.0006855349691606,1.4091463828473116,-0.1934387887946385,-0.713736543336758,-2.415610634452318,0.05235330512725211,0.6931516723757322,-1.402621757843613,-0.3461637850883621,1.6981236850973345,0.6813351638387907,1
-0.07909848434086267,0.9420205698806526,-1.7184469782456555,-1.3713109138151183,1.5008003707648625,0.26573335365588263,-0.5621841052432234,-0.5891553632456616,-0.8148103305085922,-1.7286074601094077,-1.024808445088217,0.010253325477349907,-2.1130100148622666,1.4557447279236924,0.35436917808722146,0
-1.946447441906723,1.6794793568261086,0.020229196998810477,0.8788648151952435,-0.22021678129598973,-0.27723215893656766,-0.2532780103477988,0.8115425769231543,0.26772399394604696,-0.675602173480413,1.6929025419413233,0.009385782364102027,0.5439543151777572,1.1047374782528645,0.6280933177727902,0
2.905645719911743,-0.47104008978159706,-0.720901853339941,0.13377988528983642,0.1724963272517507,0.18563440881807008,0.7620720661012782,-0.9159196660222235,-0.8872787729173112,0.2175587407425825,-0.8800826275166838,-0.059229351691500384,0.2319274365243623,1.0562995170758138,-1.154680036804753,1
2.5911104806886787,0.3228123689166752,2.9067073862087867,-1.4673375864822182,-0.31025588878752186,-0.9940491240270839,1.0969243291531752,0.8053204491515956,-0.066875819594319,-1.2087297692860972,-2.267366615746631,0.012266930810627815,-1.689999304133381,-1.1834655089734347,0.7262076058236566,1
0.12668401827217796,-1.5128942030342774,0.08248066466559328,-0.7041130294674558,-0.6802589039113847,-0.4663420823034755,0.8399394358512063,-0.07465770314964967,-0.397216655942809,0.6687483081172088,0.44146287101832404,-0.4889966677364211,-0.5151154869011388,-1.2155829838721224,0.7499595004327788,1
-2.101515698014389,-0.07350365233499209,-1.5116818137612253,-0.4522381742396981,1.4969953999862222,-0.1947420670827373,-0.9329818640980273,-0.6054807762172422,1.1145924884320337,-0.6916332338936254,-0.785872469940279,0.1721202836847187,0.9329402453776113,-0.11333902534136955,0.18538893402718137,0
-2.7057199469657447,-1.2242034515182847,-0.2591124548624172,-1.1504895107897986,0.9462313015909585,-0.17642866309106378,-0.9211477094254311,-0.3274905257839187,0.04699247512952733,0.5032407508718802,-0.8610313741154476,0.9007168229995025,-0.1865093566143053,-0.03171017729905836,-0.25236751558856746,0
-2.7632569052614486,-1.8232701128290665,0.052368960369812805,-0.5679194718506255,1.002333440408403,0.16949799769196955,-0.9943682278706106,-0.368792185684752,-0.2613723714666775,-0.0517381372478798,-0.8405793248917648,0.24647857012432875,-0.3283213089840026,0.04542875589487325,-0.08731462690854752,0
-2.9069804674890016,-0.3245750482891444,-1.0498696483661714,-1.105342161387726,1.4892342855476117,-0.8721748963607903,-0.5055359338988074,0.04061557518053847,0.3054729084752382,-0.1495107506990009,-1.017762182740477,0.6402902375414437,0.6140538026607519,0.17644301261824696,0.6312940328030227,0
-1.271563300965065,-0.3073940841228255,-0.9582206321772452,-0.15418381116600988,0.8652089366807302,-1.0367704050311553,0.8441828070524134,1.5686162307131222,-0.27063681921148297,-0.31721116872842425,0.6454854868046831,0.28075914128040236,0.6858974422742635,-0.6482436451735728,0.09666958205489018,0
0.7298273654610768,0.37833827920413604,-0.0759472219308628,0.7072075818032918,0.13467700768631483,0.4696852887875769,-1.3999089589552696,-0.9107672754635323,-0.7374586082307805,-0.11954453578578367,0.4992925337432362,0.13864505004523173,1.1395172395824333,0.24845033029256913,-1.5064170700165096,1
-1.2319552848939144,1.6317645865559567,0.3270343545989005,1.9292896099375298,-0.38568371799253154,1.0662551116295471,-0.4625914355358784,1.777357418779059,-0.31240638353907624,-2.380777788748051,-1.0518334873773543,-0.718028853070381,-1.0918657746507192,-0.6686050349812173,0.6557912940167435,0
1.6605948367529713,-0.5795508102014457,-1.061077568349219,1.52675347318826,0.7835970593962335,0.6243951152436689,-0.5270331957514869,-0.15756510297249182,-0.5555454694527666,-1.8341617354955992,0.20398063316840934,0.44432270993244155,-1.3426317578419502,-1.8498440100503444,-0.8775320637180581,1
-0.07192014258341513,-1.7304911631752435,-0.21667901969283485,-0.06163982002509155,-0.5850547224494396,-0.31810708119158937,-0.7870121919522752,1.0058454261952068,-1.7830091838106008,0.2505485867713314,0.49687385656420663,0.2305617825808291,-0.32659255974188073,-1.1675213958189443,0.34253952787608055,1
1.6013625530982574,-1.4566530959681085,-1.0788952054222276,0.31503562556514253,0.10955242137624134,0.41296341801672914,1.3990730387937331,-0.3100554953683164,-0.50100863413575,0.19412280705331927,-1.1559722825235068,-0.13906814512704044,-0.5721502445567761,0.5089880823842164,-0.4726025582821346,1
0.30294694519759896,-1.3546125243771852,0.41128771899872274,-0.4259619792967226,-0.6542267151495,-0.3580740836611151,-1.0719964740325951,0.9237861958970986,-1.374609651299962,0.629409326325493,1.2644430570041751,-0.16155212902894914,0.8923611874959467,-0.16650515904121774,0.36406151156996563,1
-1.4844044024990881,0.5139084290970048,0.5586405487716595,-1.8027010316762746,0.45365552763864475,1.9179558784632391,-0.9501754907328016,0.17046546883884203,0.2567790205474153,-0.855823719721174,-1.1998094971519897,-1.3601113942281342,-1.5604965866901783,-0.6043511157070312,-0.5624037126470851,0
1.6536188398531095,-1.7528749239820787,0.5479354035084754,1.9788535166166896,2.340695050449287,2.4274886579180204,0.9532543596751797,0.2821118250465874,0.14934209244382188,-0.13205357862419884,-0.1992532046543301,1.8541579617129023,-0.04193572167102041,-0.1863094212041241,0.0220622127236213,0
2.2094902590710364,-0.7152988738544458,-0.12646541269739095,0.6928810668387444,-0.26777953201158167,-0.02896981576954159,-1.3270083377124902,-0.3094125414286232,0.3179979354592737,-0.7739456674619392,1.0580157156271934,0.026113148815295754,0.3666870061138023,-1.1505614955396963,0.15497943459415056,1
2.4807606795851833,-1.1647131618611066,-1.1025863666690168,0.4940291181628192,-0.40976562738599376,0.0406374177432478,-0.9334474162728307,0.5977902817659356,0.13963629901865468,-0.7903557286778318,-0.040590363032996166,0.9269236878442584,-1.1599020935791082,-0.25076533220534203,0.335955342357367,0
-1.966286571840577,1.4383209449814647,-0.7936209763292825,0.5310898617009228,-0.44347456260496687,-0.6196269111207612,1.5112408491364664,-0.4149687900130155,-0.5921762349728981,0.23108055337844804,-0.3723280000677291,0.08480459002906214,-0.32006901615087696,0.09008881374115112,0.5485942183199858,0
-0.6529599739483253,-1.4670749999409987,-0.6667185395540262,0.26065248289003423,0.15086248517061845,-0.5350661457922112,0.6721384538669872,0.22297016467960767,0.008250644922271252,1.1872457586584733,-0.3486337774427114,0.6674798222831227,1.4188776845027373,-1.135821170306586,-1.4466216626810957,0
-2.4915246733476986,0.050946536642602784,-0.6326020200398974,2.137446644697014,-0.36992730585798084,-0.20747257640558012,0.5258933497892703,0.0433409545783381,0.47174124771309167,-0.2596579537375771,-0.23650033877861967,-0.2344171666485034,1.24473394138339,0.15433977442736843,0.3924101230879037,0
0.009374443100861026,0.09620131666980464,-1.2623063110651076,0.3261119650120656,0.8881546254680954,-0.123201831039316,-0.415579012530869,1.437223131571265,-2.672406600362759,-1.125324460976443,0.6419293770905158,-0.2573724995867317,0.2491684184648776,-0.18522507948776426,0.02458210787249293,0
0.5614452778770295,3.247553383969522,-0.6199617522977938,5.0632766579894035,3.749960184636206,-2.223518589260135,-2.8402444282340626,0.6099543414533289,1.1009253372971608,2.5037226943046096,0.38065287784592094,-3.2188750387421994,-3.246976649583691,-0.5349117332899793,-0.1988005666528539,0
-1.155624563241163,0.8976017746516859,-0.34307849513476274,-2.0577151412720056,1.014901503904405,0.7925873691901755,-0.9563675579487357,-1.1714717648962696,0.5612063680836448,-0.6960438435619588,1.0205522933556737,-0.12634496412297394,-1.9281340307131132,-0.02640746239860533,-0.5446439484742501,0
-1.311974697946598,-1.0175252485089057,-0.10125783790919153,-1.1115580868662678,0.2682831969422503,-0.24210848363807283,-2.184835673942918,-0.64195857519325,0.14193289729176464,-0.33825065639042284,-0.2771369769773003,0.7614524726299652,-1.0309555808523676,-0.7014299158308751,0.63804869570935,1
-1.6179596795070599,0.4959954592068803,-0.9845632600649061,2.1237127769202804,-0.34094514399122156,-0.0878118815567949,0.108972959506648,-0.09834817033543315,-0.3025985233542369,-0.2694129054394596,-0.5651960027960016,0.05948661609956759,1.191610479125508,0.3615912230194077,0.6431141078632187,0
-1.1607861019639942,2.2178261610548113,-0.9231169089772138,-2.689981590366613,0.726390845793648,1.0392821116622202,-0.906917129707486,0.6888354999679933,-0.5475671606718192,-0.10349674923454698,-1.8353763942857015,-0.8344070958558373,0.18861661076863082,0.34171020715679384,0.5658003436670819,1
-1.4804183696417266,1.064077244909083,-0.3344215016238327,-0.15729821280467815,0.7327309400719085,-0.8239085900906025,-0.12116926020377262,0.6373398313221781,0.4318507501839379,-0.7851271414382386,1.273668684464984,0.2566014498483073,0.5585838088915017,-0.018599060478002437,-0.45670794676633336,0
-2.680525718205774,-0.4243941286660161,0.6012970971326436,1.2541626668606136,-0.8384962790273539,-0.058412129864649213,0.20012273960049262,0.32756872560954486,-0.3209999487696328,0.5328651890379267,0.3369054985563557,0.5570161518904577,-0.2284740810432847,0.21283030292368,-0.2538269188838804,0
2.706104750406584,-0.6336320785864915,0.27538905260318036,0.5915612145202461,0.34990849797402,0.5046373910779511,0.6363878189831831,-1.0016745867913859,0.16081981836940554,-0.9530105920819139,0.48248752842476766,-1.1297897367598115,0.010402312066006867,1.0786916668729216,-1.6379395659977714,1
1.7244665010349205,-1.1897893384517824,0.2940572275381457,1.1065161354433872,2.263447031022069,1.5958503048143928,1.4782101031402572,0.24876420274408947,1.2861520949619398,1.1215064011065263,-0.5687691451995853,2.956258712362058,0.7774048213821453,-0.03848100759709055,0.353421595283976,1
0.7225578989267393,-0.9847871957970584,0.5196847690419292,0.3631208833934142,-0.1907576074943179,0.995307740541226,0.21223411253575733,2.0619326399184237,1.253418109000098,-0.543810851832058,-1.267278628023862,-0.5321671975592265,0.35145911647108463,-0.10702546323819881,-1.684423117735809,1
0.41579025957448584,1.5693333239419989,1.8488646385596696,2.2936592034097547,0.6864432451416749,3.715930905935465,-0.4561012652332717,0.25808680056503874,0.15738046105014944,0.47042967091168264,-1.0349490314378584,1.3293067416893416,0.9963890481960482,-0.708804203029244,0.07328424388906041,1
-0.9232132487681849,-1.6712345938166273,0.6695412440706383,-0.7777093750377289,-0.6182699480652257,-0.8575465882810442,-0.06474841839109069,1.2462618332188584,1.0134110582970388,0.861735696133496,1.751185663863608,0.10149850614703368,0.7497067313314136,-0.6730173019260478,0.5851642808207114,1
-2.4263986575261196,-0.5457665435090368,0.9418993866737553,1.5797885227652702,-0.7205124014408714,0.2209591489399641,0.0704321099434385,0.2977888602893657,0.03872407068229813,-0.07460951406434786,0.7731348321093978,0.10329918218173799,-0.3777392802052828,0.40166913064861487,0.0721689090276929,0
2.079881245702642,-0.8216182204904672,0.4282196298616481,-0.81976181413827,-0.607915595691512,-0.28371987835485946,0.22673871870717915,0.09073442239665777,-0.10110947465601629,-0.21092591808539363,0.969306918365606,-0.4720568822294655,-0.9759754210066574,0.7896940746083355,0.14604310082998653,1
1.375493545698523,0.8220197328470633,1.3045013696258716,-0.3019864493151541,2.3028660962879464,2.2120722551473606,1.372510054936976,-0.40485649222029546,0.3233861778098889,0.5139017560538953,2.2523400660507336,1.2318043895420692,-0.22404929142324823,-0.8647618399728491,0.0616031209173602,0
2.6902842175342583,-1.1611461842189046,-0.6532220645260685,0.045027639262519584,-0.5774125681512381,-0.6120883244774956,-0.7096686890385514,0.27953806132887044,0.3233641670128609,0.5340424877998535,-0.4470094706557179,1.1027761405175347,0.7397330788311142,0.6645390973646768,0.40257891623835895,1
0.6605876635554558,-0.31716523825655946,-1.0264973438743343,1.7940562187923657,1.1739650664543322,0.12089897279216223,-0.21728315649071145,0.21649534037711532,-0.719311711511562,-2.489110299763914,0.6325801163359456,-0.9492004585908955,0.2411824374509874,-1.237428955520103,-0.8441234863250082,0
-0.7443746468632472,0.044732132982770796,0.40088715151106696,-0.07784675016730558,0.06014766883931574,0.45018040096952333,-1.1813541157403147,0.38065053212710026,-1.2975942116349237,0.010320777097899197,1.3354622858394596,-0.004516365935616462,0.297134376753884,0.6938004398182007,-0.8002795793966478,1
0.5409506362306599,0.6919944007402556,-0.11313206199078261,-0.7474306144363237,-0.8629804085156582,0.3684597197006932,-0.48347261088543125,-1.2509556776760824,1.892125407277822,0.042331783954353316,1.7835434945770379,-0.4892759158133376,-0.46807810346343254,-0.8348722470597801,0.07485324934521334,0
-0.6049195783583651,2.6227151626109357,-1.58931945350743,0.6340249509916914,-0.4711299241991189,0.3566697019951853,0.5173694805786206,-0.8001489705063695,0.08479289998973491,-0.2769046531959049,0.5356344444834752,-0.17356660131966845,-0.12132623622250872,0.20297681725933694,0.30235072405574315,0
-2.0797543318555585,0.3858828241017326,-0.6062776135448671,2.0558712526852667,-0.26904046542755333,-0.22494232122519073,0.4909907314013782,0.011416259518073858,1.0910231729263207,-0.4532965814772478,0.030687774378901155,-0.07208213244678476,1.1343528216506664,0.23812265541877617,0.7344191244614057,0
-1.5884894985834557,0.34127395561451107,-0.036760694187736594,-2.2104715618832356,0.7932851527689754,0.8132159009516454,-0.8625893066784781,-1.0023989847318773,0.24165161019461637,0.1367074319661902,0.9117445612778348,-0.5637520032728234,-0.7306859308215639,0.8029068252697151,-0.1798623650594987,1
0.11779918089002422,-0.3246295065229298,-1.219647119172024,1.197402078532358,1.0491724240004627,-0.12176566775963701,0.22578816142688565,0.6053123153311749,0.17997070772585574,-1.6652575002590948,0.6725152877966839,-0.5390070186580667,0.633125631661667,-1.0259976794889223,-0.20878733521003262,0
2.486564359992348,-1.266660680718278,-0.7703346158972131,0.26590201204625674,-0.5667899062540597,-1.1077782468597401,-0.490394984568673,-0.17092957616322804,-0.32566741837516505,0.6029277852343794,-1.2692600880325626,1.4670385690379821,0.5353732367662004,-0.17993119741220193,-0.8069714148329625,1
-2.6355615484663737,0.07576464018691326,0.48068487551768435,0.8317804343429472,-0.8708512861151146,-0.2237816304618294,0.15958842250015312,0.3790109241124103,-0.037036543242633495,0.7980149523157009,0.5831778364685078,0.8807789543320612,-0.14396601445254395,0.21450365794298565,-0.46310346824366955,0
2.7689912707792157,0.13079543363428878,-0.5024087790242755,3.6695905715215034,3.732046564106804,-3.348857906482178,-2.4280001902154265,1.6628619601822643,1.2490110354152226,3.507386491052795,-0.5964054295444484,-3.5997473760565346,-1.7263244570368013,0.3960221386575734,0.8573136224058453,1
-3.2431870470923143,-2.0960977877930107,0.6072510256790954,-0.6804975198070775,0.9260611326068475,0.19198886202286847,-0.8738051859782802,-0.23041612640099235,0.34301534862278704,0.13716415101351928,-0.2372531723816401,-0.28782823072170954,0.33496833013356886,0.5115903325632916,-0.06892532940192914,0
0.22887071420220262,-0.7393234404865507,0.2809030787357929,-0.6686107249988748,-0.5079412361477292,-0.21861077298559609,-1.091470543354115,1.1867580189279294,-0.1944181334426139,-0.04304745808093009,2.213621623447341,0.03318540132969575,-0.12072070865165387,-0.6439853570304096,0.3332986651900291,1
3.222480261860278,1.976636080911496,3.6577297402613587,2.653443029419652,6.53000278368909,-2.222084041795773,-1.6682829908843073,0.4377606412799895,-2.655899038392462,5.707560744751992,-0.937340010557123,-0.5537211184836257,-0.7011094505184732,-0.5877272202728551,0.3978123940163235,1
3.030539627623162,2.048113877020951,0.8834209522036315,-0.2882657533441651,2.039942731917821,2.9926634994063397,1.2925740359944882,1.1610644099360337,1.40715085215073,0.15225954539276657,-0.20587936473909907,-0.020334616713899988,2.111815704902092,1.0964525316465041,0.661015802001342,1
-0.8015174469885117,-1.2652363836857754,-0.41630675719177745,-0.30694613994584696,0.224748994643563,0.3590526473274969,-2.385331444963119,-1.306398435464011,0.8744022566570029,-0.6427016285401909,-0.3668228353046425,0.12847473341860416,-0.36422628071527324,-0.8880163202323099,0.33075511249321005,0
-1.5425892278565587,-0.8606676266890244,0.10221037869005375,-1.8954992693255406,-0.03495771814481032,0.26547977371179493,-1.1062551341659788,-1.2603059763693585,0.35939659677417185,0.1094050785989882,0.22583010690024652,-0.6150354701909979,-1.1943800859809734,-0.31593262920067844,0.8411859026226616,0
-2.19728606494258,-0.38977232909229365,2.283733353615172,-1.4343169476879527,1.6875868292117528,-1.0763081046666647,-0.8188502729002175,-0.8488944837854512,-0.878548665072841,-1.062169807230914,-0.8083301359998588,0.7254109461441565,-0.7245723044527435,-0.5541477371131233,-0.21719694397859446,0
0.12202680899831446,1.1622662905448053,0.0716933406428587,0.6952037757063072,-1.726018012862568,0.5104273349971671,-0.41239034337815283,-1.5653787228130902,1.1452829439948329,-0.05040119827999388,1.2894820122800397,-0.35183473162941753,-0.9442387930951724,-0.6063589571049453,0.2633587544851557,1
-2.098736261934822,0.7398737359334364,-1.179146064056743,-1.4101716505796373,1.572769755455376,-1.1582821259148273,-0.8913368736329838,-0.33869749563662266,0.1722477102420892,-0.2548007851193906,-0.8430392019830695,1.1677074282502737,0.5031269181189941,-0.04677354665263591,-0.2279074476391581,0
1.174624735305768,-1.6106400202077447,4.435703757801645,0.997304336402117,3.0330301667649744,0.35583886032277995,1.9309096508724473,0.1339885137568845,-0.5673375093291319,-0.5335843605094793,-0.3026474268134934,1.814934142937161,0.5816392716605017,0.25559406313815575,0.6326515067633905,1
2.9420500595726264,-0.5150921918010221,0.9971678069260853,-0.7117666383739532,-0.6061017110973804,-0.4120319777852446,-0.24693456221136612,-0.4658067519851659,-0.7503403292192005,-0.1250593613083179,1.0289490324456416,-0.8163541158764984,0.06944488243626663,1.447860688039238,-0.4284964400394433,1
0.66253736998449,-0.7232670254725477,-1.480839048836416,1.143346730896683,0.9731771866876514,-0.12680095928351384,0.5003645294445195,1.2105074024134412,0.43732568637297153,-1.918783524133006,0.1000613319379272,-0.12621863745441583,-0.2946922574817293,0.2512735314804065,-0.35762692084213155,1
-3.274879132250513,-2.074193251146131,0.7566681871005062,-0.5814965654393306,0.9342829500188604,0.39689848916467824,-1.074070760341484,-0.2053380691059224,0.18238082018924065,-0.16969102407536732,0.11866438114293246,-0.6128908563667315,0.2127959519017674,0.5417721079267457,-0.31575487403373825,0
2.8037243690036644,1.2720429304442282,1.287838365038783,0.28498529360353503,1.73460432754069,4.6709712032110655,0.315788986049721,0.7166569095039259,0.5345692392014563,-0.19056575582390597,0.6738711104900429,-0.41054470090728173,0.4206174475728697,-0.7998222192057491,1.0689514588532916,1
1.5274074025053064,-0.7748195520059753,-1.3992165921111839,0.6244619296359004,0.1359743411816184,-0.852865237668188,-0.0350266841477615,1.0063146917346264,1.37099652670178,-1.4333338379590037,0.08363268774199846,0.34624778304857634,-0.13026200457861256,-0.15758339961995946,1.0849238585869878,1
-0.11146781598087253,-1.5381325253927178,-0.28084121797577977,1.0162823469027409,-0.7097472756567578,-0.310702281173031,-0.8018849385877065,-0.832157808461628,0.2692738160341274,0.21392618884211634,-0.7968808311028917,0.5134280438486216,0.2976271749856875,-1.3553812386021111,0.3283169751038634,1
2.70674769637894,0.5993877730587731,1.0049135813729178,-0.025191353161342144,-0.9122089416923496,0.9252820374638012,-2.1581427194078486,0.8481565823225424,-0.023448928157562686,-0.5740399558969804,0.09007307602926064,-1.0291643000482469,1.5515886167316664,-1.0922572643692996,-1.066028029726208,1
2.2287263972114353,-2.1207584281006433,0.19311903299339805,1.2414260622042401,-0.3638749138587792,0.36141172144373096,-0.976912699783271,0.3884773133466613,0.42409393571620746,-1.405288005982915,0.6591425342400339,-0.5798509171398308,-0.33167113549548316,0.4388880887840405,0.26095147063241797,1
-1.5944549579136835,0.5004382047995962,-1.5946644025021834,-1.1728968254803749,1.195486148484128,0.595413363545366,-0.444037591632596,-1.3369605088949994,0.18311219892775668,-0.43275662808538906,-0.41926979824533506,-1.1744890246035715,0.6120332437795574,0.441400212382682,0.2797997314883528,1
-2.8531633685843008,-0.5992651551320826,1.1879710552589389,1.2777590463069541,-0.8253839041862184,0.07551317317134283,0.2247716309523712,0.4179238282400309,0.45091352317214073,0.37598336557457795,1.0727212104891168,-0.01789861023227093,0.20088008864261883,0.6784872078255708,-0.03403548591059746,0
